activity_id,discipline,description,location,asset,planned_start_date,planned_end_date,status,wbs_code
ACT-CIV-0001,Civil,Rough grading and bulk earth excavation down to founding level - Process Train A - Cracker Area (FND-TK-101),Process Train A - Cracker Area,FND-TK-101,2026-06-01,2026-06-08,COMPLETED,1.1.1.01.01
ACT-CIV-0002,Civil,"Excavation for foundation footing and equipment plinths (FND-V-201, Process Train B - Reforming Unit)",Process Train B - Reforming Unit,FND-V-201,2026-06-09,2026-06-15,COMPLETED,1.1.1.02.02
ACT-CIV-0003,Civil,Subgrade soil compaction and in-situ moisture-density nuclear testing - Main Pipe Rack Corridor - Grid A to G (STR-PR-101),Main Pipe Rack Corridor - Grid A to G,STR-PR-101,2026-06-12,2026-06-17,COMPLETED,1.1.1.03.03
ACT-CIV-0004,Civil,"Laying and compacting 150mm crushed aggregate base course (STR-PR-102, Main Pipe Rack Corridor - Grid H to M)",Main Pipe Rack Corridor - Grid H to M,STR-PR-102,2026-06-22,2026-06-29,COMPLETED,1.1.1.04.04
ACT-CIV-0005,Civil,Slope trimming and placement of stone pitching along stormwater canal - Cooling Tower Basin Area (CT-BASIN-01),Cooling Tower Basin Area,CT-BASIN-01,2026-06-25,2026-06-30,COMPLETED,1.1.1.05.05
ACT-CIV-0006,Civil,"Geotextile membrane installation beneath heavy haul road embankment (BLDG-SS-01, Substation SS-01 Yard)",Substation SS-01 Yard,BLDG-SS-01,2026-06-28,2026-07-01,COMPLETED,1.1.1.06.06
ACT-CIV-0007,Civil,"Excavation sump dewatering and mud clearance before blinding at BLDG-SS-02, Substation Yard",Secondary Substation SS-02,BLDG-SS-02,2026-06-17,2026-06-20,COMPLETED,1.1.1.07.07
ACT-CIV-0008,Civil,"Backfilling foundation trenches with approved granular fill in 200mm lifts (BLDG-COMP-01, Compressor House Bay 1-3)",Compressor House Bay 1-3,BLDG-COMP-01,2026-07-11,2026-07-19,COMPLETED,1.1.1.08.08
ACT-CIV-0009,Civil,Plate load bearing capacity testing on compacted formation soil - Compressor House Bay 4-6 (BLDG-COMP-02),Compressor House Bay 4-6,BLDG-COMP-02,2026-06-16,2026-06-21,COMPLETED,1.1.1.09.09
ACT-CIV-0010,Civil,"Excavation and trench shoring for underground storm drainage culvert (BUND-TK-01, Crude Oil Storage Tank Farm 01)",Crude Oil Storage Tank Farm 01,BUND-TK-01,2026-06-26,2026-06-30,COMPLETED,1.1.1.10.10
ACT-CIV-0011,Civil,Pour 75mm plain cement concrete (PCC) lean blinding mud mat layer - Crude Oil Storage Tank Farm 02 (BUND-TK-02),Crude Oil Storage Tank Farm 02,BUND-TK-02,2026-06-29,2026-07-01,DELAYED,1.1.2.01.11
ACT-CIV-0012,Civil,"Erect timber and steel panel formwork with bracing for deep pedestal footing (BLDG-CCR, Central Control Room (CCR) Building)",Central Control Room (CCR) Building,BLDG-CCR,2026-07-09,2026-07-15,COMPLETED,1.1.2.02.12
ACT-CIV-0013,Civil,"Fixing reinforcement rebar steel and hoisting main foundation cage at ETP-BASIN-01, Offsites",Effluent Treatment Plant Basin,ETP-BASIN-01,2026-07-12,2026-07-20,COMPLETED,1.1.2.03.13
ACT-CIV-0014,Civil,Setting anchor bolt cluster assemblies with steel templates and optical leveling [Flare Knock-Out Area],Flare Knock-Out Area,FND-KO-DRUM,2026-07-01,2026-07-07,COMPLETED,1.1.2.04.14
ACT-CIV-0015,Civil,Cast grade M35 structural concrete for main foundation slab and plinth - Product Loading Gantry (GANTRY-01),Product Loading Gantry,GANTRY-01,2026-07-04,2026-07-06,COMPLETED,1.1.2.05.15
ACT-CIV-0016,Civil,"Apply liquid membrane curing compound and wet hessian burlap covering (FND-UTL-01, Utility Air & Nitrogen Yard)",Utility Air & Nitrogen Yard,FND-UTL-01,2026-07-14,2026-07-20,COMPLETED,1.1.2.06.16
ACT-CIV-0017,Civil,Post-pour ultrasonic pulse velocity (UPV) and rebound hammer testing - Perimeter Fence Line - Sector North (SEC-FENCE-N),Perimeter Fence Line - Sector North,SEC-FENCE-N,2026-07-24,2026-07-27,COMPLETED,1.1.2.07.17
ACT-CIV-0018,Civil,"Formwork stripping and concrete honeycombing surface patch repair (SEC-FENCE-S, Perimeter Fence Line - Sector South)",Perimeter Fence Line - Sector South,SEC-FENCE-S,2026-07-20,2026-07-25,COMPLETED,1.1.2.08.18
ACT-CIV-0019,Civil,Construct reinforced concrete blast-resistant protection wall - Plant Stormwater Main Culvert (DRAIN-CULV-01),Plant Stormwater Main Culvert,DRAIN-CULV-01,2026-07-30,2026-08-11,IN_PROGRESS,1.1.2.09.19
ACT-CIV-0020,Civil,"Pour monolithic concrete slab with power-float surface hardener finish (FND-DM-TK01, Demineralized Water Storage Area)",Demineralized Water Storage Area,FND-DM-TK01,2026-08-09,2026-08-12,IN_PROGRESS,1.1.2.10.20
ACT-CIV-0021,Civil,Waterstop strip installation and alignment at cold concrete pour joints - Firewater Reservoir Tank Pad (FND-FW-TK01),Firewater Reservoir Tank Pad,FND-FW-TK01,2026-07-01,2026-07-03,COMPLETED,1.1.2.11.21
ACT-CIV-0022,Civil,"Tie bottom and top rebar mats for retaining bund wall foundation (WALL-BLAST-01, Transformer Bay Blast Walls)",Transformer Bay Blast Walls,WALL-BLAST-01,2026-07-11,2026-07-16,DELAYED,1.1.2.12.22
ACT-CIV-0023,Civil,Pour self-compacting concrete (SCC) inside congested pump pedestal - Raw Water Intake Pump Pit (FND-RW-PIT01),Raw Water Intake Pump Pit,FND-RW-PIT01,2026-07-21,2026-07-25,COMPLETED,1.1.2.13.23
ACT-CIV-0024,Civil,"Concrete cube sampling and 7-day / 28-day compressive strength lab testing (BLDG-BFW-01, Boiler Feedwater Treatment Shed)",Boiler Feedwater Treatment Shed,BLDG-BFW-01,2026-07-24,2026-07-29,COMPLETED,1.1.2.14.24
ACT-CIV-0025,Civil,Install precast concrete cable trench troughs and removable checkered covers - Emergency Generator Enclosure Pad (FND-EDG-01),Emergency Generator Enclosure Pad,FND-EDG-01,2026-08-03,2026-08-08,COMPLETED,1.1.2.15.25
ACT-CIV-0026,Civil,Standing up main structural steel columns and anchoring to baseplates [Process Train A - Cracker Area],Process Train A - Cracker Area,FND-TK-101,2026-08-13,2026-08-20,IN_PROGRESS,1.1.3.01.26
ACT-CIV-0027,Civil,High-strength friction grip (HSFG) bolt tightening and torque check for FND-V-201 at Process Train B - Reforming Unit,Process Train B - Reforming Unit,FND-V-201,2026-08-23,2026-08-29,IN_PROGRESS,1.1.3.02.27
ACT-CIV-0028,Civil,"Pumping high-strength non-shrink epoxy grout beneath column baseplates at STR-PR-101, Rack Corridor",Main Pipe Rack Corridor - Grid A to G,STR-PR-101,2026-08-12,2026-08-17,IN_PROGRESS,1.1.3.03.28
ACT-CIV-0029,Civil,Lift and bolt secondary transverse steel beams and diagonal cross-bracings for STR-PR-102 at Main Pipe Rack Corridor - Grid H to M,Main Pipe Rack Corridor - Grid H to M,STR-PR-102,2026-08-15,2026-08-25,IN_PROGRESS,1.1.3.04.29
ACT-CIV-0030,Civil,Lay solid concrete block masonry wall with reinforced concrete bond beams at Cooling Tower Basin Area (Utilities Zone),Cooling Tower Basin Area,CT-BASIN-01,2026-08-25,2026-09-01,DELAYED,1.1.3.05.30
ACT-CIV-0031,Civil,Apply two-coat sand-faced cement plaster on external masonry envelope for BLDG-SS-01 at Substation SS-01 Yard,Substation SS-01 Yard,BLDG-SS-01,2026-09-11,2026-09-17,NOT_STARTED,1.1.3.06.31
ACT-CIV-0032,Civil,Install corrugated galvanized metal deck sheets and shear stud puddle welds at Secondary Substation SS-02 (Substation Yard),Secondary Substation SS-02,BLDG-SS-02,2026-09-07,2026-09-13,NOT_STARTED,1.1.3.07.32
ACT-CIV-0033,Civil,Fireproofing application (cementitious intumescent) on structural steel legs for BLDG-COMP-01 at Compressor House Bay 1-3,Compressor House Bay 1-3,BLDG-COMP-01,2026-09-24,2026-10-03,NOT_STARTED,1.1.3.08.33
ACT-CIV-0034,Civil,Erect overhead crane runway gantry beam and precision align rails at Compressor House Bay 4-6 (Compressor Area),Compressor House Bay 4-6,BLDG-COMP-02,2026-09-20,2026-09-28,DELAYED,1.1.3.09.34
ACT-CIV-0035,Civil,Mounting steel equipment shelter louvers and fire-rated emergency exit doors [Crude Oil Storage Tank Farm 01],Crude Oil Storage Tank Farm 01,BUND-TK-01,2026-09-16,2026-09-19,NOT_STARTED,1.1.3.09.35
ACT-CIV-0036,Civil,Install perimeter heavy chain-link security fencing with razor wire topping at Crude Oil Storage Tank Farm 02 (Tank Farm West),Crude Oil Storage Tank Farm 02,BUND-TK-02,2026-09-26,2026-10-03,NOT_STARTED,1.1.3.10.36
ACT-CIV-0037,Civil,Bituminous waterproofing membrane application on substation flat roof slab - Effluent Treatment Plant Basin (ETP-BASIN-01),Effluent Treatment Plant Basin,ETP-BASIN-01,2026-09-22,2026-09-28,NOT_STARTED,1.1.3.11.37
ACT-CIV-0038,Civil,"Rough grading and bulk earth excavation down to founding level (FND-KO-DRUM, Flare Knock-Out Area)",Flare Knock-Out Area,FND-KO-DRUM,2026-06-05,2026-06-14,COMPLETED,1.1.1.01.38
ACT-CIV-0039,Civil,Soil trenching and pit excavation for structural equipment foundations - Product Loading Gantry (GANTRY-01),Product Loading Gantry,GANTRY-01,2026-06-15,2026-06-23,COMPLETED,1.1.1.02.39
ACT-CIV-0040,Civil,"Subgrade soil compaction and in-situ moisture-density nuclear testing (FND-UTL-01, Utility Air & Nitrogen Yard)",Utility Air & Nitrogen Yard,FND-UTL-01,2026-06-18,2026-06-20,COMPLETED,1.1.1.03.40
ACT-CIV-0041,Civil,Laying and compacting 150mm crushed aggregate base course - Perimeter Fence Line - Sector North (SEC-FENCE-N),Perimeter Fence Line - Sector North,SEC-FENCE-N,2026-06-28,2026-07-02,COMPLETED,1.1.1.04.41
ACT-CIV-0042,Civil,Trimming canal embankments and laying stone pitching protection - Perimeter Fence Line - Sector South (SEC-FENCE-S),Perimeter Fence Line - Sector South,SEC-FENCE-S,2026-06-10,2026-06-17,COMPLETED,1.1.1.05.42
ACT-CIV-0043,Civil,Geotextile membrane installation beneath heavy haul road embankment - Plant Stormwater Main Culvert (DRAIN-CULV-01),Plant Stormwater Main Culvert,DRAIN-CULV-01,2026-06-13,2026-06-18,COMPLETED,1.1.1.06.43
ACT-CIV-0044,Civil,"Dewatering excavation pit prior to blinding concrete pour (FND-DM-TK01, Demineralized Water Storage Area)",Demineralized Water Storage Area,FND-DM-TK01,2026-06-23,2026-06-28,DELAYED,1.1.1.07.44
ACT-CIV-0045,Civil,Backfilling foundation trenches with approved granular fill in 200mm lifts - Firewater Reservoir Tank Pad (FND-FW-TK01),Firewater Reservoir Tank Pad,FND-FW-TK01,2026-07-17,2026-07-22,COMPLETED,1.1.1.08.45
ACT-CIV-0046,Civil,"Plate load bearing capacity testing on compacted formation soil (WALL-BLAST-01, Transformer Bay Blast Walls)",Transformer Bay Blast Walls,WALL-BLAST-01,2026-06-22,2026-06-24,COMPLETED,1.1.1.09.46
ACT-CIV-0047,Civil,Excavation and trench shoring for underground storm drainage culvert - Raw Water Intake Pump Pit (FND-RW-PIT01),Raw Water Intake Pump Pit,FND-RW-PIT01,2026-07-02,2026-07-08,COMPLETED,1.1.1.10.47
ACT-CIV-0048,Civil,"Pour 75mm plain cement concrete (PCC) lean blinding mud mat layer (BLDG-BFW-01, Boiler Feedwater Treatment Shed)",Boiler Feedwater Treatment Shed,BLDG-BFW-01,2026-07-05,2026-07-09,COMPLETED,1.1.2.01.48
ACT-CIV-0049,Civil,"Formwork shuttering fabrication and diagonal bracing on pedestal footing at FND-EDG-01, Power House",Emergency Generator Enclosure Pad,FND-EDG-01,2026-06-24,2026-07-02,COMPLETED,1.1.2.02.49
ACT-CIV-0050,Civil,"Fabricate, hoist and fix heavy reinforcement rebar cage (#8 and #10 bars) at Process Train A - Cracker Area (Zone A)",Process Train A - Cracker Area,FND-TK-101,2026-06-27,2026-07-02,COMPLETED,1.1.2.03.50
ACT-CIV-0051,Civil,Install galvanized anchor bolt clusters and template leveling plates for FND-V-201 at Process Train B - Reforming Unit,Process Train B - Reforming Unit,FND-V-201,2026-07-07,2026-07-10,COMPLETED,1.1.2.04.01
ACT-CIV-0052,Civil,"Pouring and vibrating grade M35 ready-mix structural concrete for base slab at STR-PR-101, Rack Corridor",Main Pipe Rack Corridor - Grid A to G,STR-PR-101,2026-07-10,2026-07-14,COMPLETED,1.1.2.05.02
ACT-CIV-0053,Civil,Apply liquid membrane curing compound and wet hessian burlap covering for STR-PR-102 at Main Pipe Rack Corridor - Grid H to M,Main Pipe Rack Corridor - Grid H to M,STR-PR-102,2026-07-20,2026-07-28,COMPLETED,1.1.2.06.03
ACT-CIV-0054,Civil,Post-pour ultrasonic pulse velocity (UPV) and rebound hammer testing at Cooling Tower Basin Area (Utilities Zone),Cooling Tower Basin Area,CT-BASIN-01,2026-07-30,2026-08-04,COMPLETED,1.1.2.07.04
ACT-CIV-0055,Civil,Formwork stripping and concrete honeycombing surface patch repair for BLDG-SS-01 at Substation SS-01 Yard,Substation SS-01 Yard,BLDG-SS-01,2026-07-26,2026-07-28,DELAYED,1.1.2.08.05
ACT-CIV-0056,Civil,Construction of heavy RC blast mitigation barrier wall [Secondary Substation SS-02],Secondary Substation SS-02,BLDG-SS-02,2026-07-15,2026-07-24,COMPLETED,1.1.2.09.06
ACT-CIV-0057,Civil,Pour monolithic concrete slab with power-float surface hardener finish for BLDG-COMP-01 at Compressor House Bay 1-3,Compressor House Bay 1-3,BLDG-COMP-01,2026-07-25,2026-07-30,COMPLETED,1.1.2.10.07
ACT-CIV-0058,Civil,Install elastomeric ribbed waterstop seals at cold construction joints at Compressor House Bay 4-6 (Compressor Area),Compressor House Bay 4-6,BLDG-COMP-02,2026-07-07,2026-07-11,COMPLETED,1.1.2.11.08
ACT-CIV-0059,Civil,Tie bottom and top rebar mats for retaining bund wall foundation for BUND-TK-01 at Crude Oil Storage Tank Farm 01,Crude Oil Storage Tank Farm 01,BUND-TK-01,2026-07-17,2026-07-24,COMPLETED,1.1.2.12.09
ACT-CIV-0060,Civil,Pour self-compacting concrete (SCC) inside congested pump pedestal at Crude Oil Storage Tank Farm 02 (Tank Farm West),Crude Oil Storage Tank Farm 02,BUND-TK-02,2026-07-27,2026-07-29,COMPLETED,1.1.2.13.10
ACT-CIV-0061,Civil,Concrete cube sampling and 7-day / 28-day compressive strength lab testing for BLDG-CCR at Central Control Room (CCR) Building,Central Control Room (CCR) Building,BLDG-CCR,2026-07-30,2026-08-01,COMPLETED,1.1.2.14.11
ACT-CIV-0062,Civil,Install precast concrete cable trench troughs and removable checkered covers at Effluent Treatment Plant Basin (Offsites),Effluent Treatment Plant Basin,ETP-BASIN-01,2026-08-09,2026-08-16,IN_PROGRESS,1.1.2.15.12
ACT-CIV-0063,Civil,Hoisting heavy steel H-columns and securing with wire rope temp bracing - Flare Knock-Out Area (FND-KO-DRUM),Flare Knock-Out Area,FND-KO-DRUM,2026-07-29,2026-08-07,COMPLETED,1.1.3.01.13
ACT-CIV-0064,Civil,High-strength friction grip (HSFG) bolt tightening and torque check at Product Loading Gantry (Logistics Yard),Product Loading Gantry,GANTRY-01,2026-08-08,2026-08-16,IN_PROGRESS,1.1.3.02.14
ACT-CIV-0065,Civil,Under-plate non-shrink grouting and packing for structural columns [Utility Air & Nitrogen Yard],Utility Air & Nitrogen Yard,FND-UTL-01,2026-08-18,2026-08-20,IN_PROGRESS,1.1.3.03.15
ACT-CIV-0066,Civil,Lift and bolt secondary transverse steel beams and diagonal cross-bracings at Perimeter Fence Line - Sector North (Perimeter),Perimeter Fence Line - Sector North,SEC-FENCE-N,2026-08-21,2026-08-28,IN_PROGRESS,1.1.3.04.16
ACT-CIV-0067,Civil,Lay solid concrete block masonry wall with reinforced concrete bond beams for SEC-FENCE-S at Perimeter Fence Line - Sector South,Perimeter Fence Line - Sector South,SEC-FENCE-S,2026-08-31,2026-09-09,NOT_STARTED,1.1.3.05.17
ACT-CIV-0068,Civil,Apply two-coat sand-faced cement plaster on external masonry envelope at Plant Stormwater Main Culvert (Drainage Network),Plant Stormwater Main Culvert,DRAIN-CULV-01,2026-09-17,2026-09-25,DELAYED,1.1.3.06.18
ACT-CIV-0069,Civil,Install corrugated galvanized metal deck sheets and shear stud puddle welds for FND-DM-TK01 at Demineralized Water Storage Area,Demineralized Water Storage Area,FND-DM-TK01,2026-09-13,2026-09-21,NOT_STARTED,1.1.3.07.19
ACT-CIV-0070,Civil,"Spray-applied cementitious passive fireproofing on structural steel members at FND-FW-TK01, Fire Safety Area",Firewater Reservoir Tank Pad,FND-FW-TK01,2026-09-09,2026-09-15,NOT_STARTED,1.1.3.08.20
ACT-CIV-0071,Civil,Erect overhead crane runway gantry beam and precision align rails for WALL-BLAST-01 at Transformer Bay Blast Walls,Transformer Bay Blast Walls,WALL-BLAST-01,2026-09-05,2026-09-10,NOT_STARTED,1.1.3.09.21
ACT-CIV-0072,Civil,Mount industrial louvers and double-leaf fire doors on equipment shelter at Raw Water Intake Pump Pit (Intake Area),Raw Water Intake Pump Pit,FND-RW-PIT01,2026-09-22,2026-09-27,NOT_STARTED,1.1.3.09.22
ACT-CIV-0073,Civil,Install perimeter heavy chain-link security fencing with razor wire topping for BLDG-BFW-01 at Boiler Feedwater Treatment Shed,Boiler Feedwater Treatment Shed,BLDG-BFW-01,2026-10-02,2026-10-11,NOT_STARTED,1.1.3.10.23
ACT-CIV-0074,Civil,Bituminous waterproofing membrane application on substation flat roof slab at Process Train A - Cracker Area (Zone A),Process Train A - Cracker Area,FND-TK-101,2026-09-28,2026-10-06,NOT_STARTED,1.1.3.11.24
ACT-CIV-0075,Civil,Rough grading and bulk earth excavation down to founding level for FND-V-201 at Process Train B - Reforming Unit,Process Train B - Reforming Unit,FND-V-201,2026-06-11,2026-06-17,COMPLETED,1.1.1.01.25
ACT-CIV-0076,Civil,Excavation for foundation footing and equipment plinths at Main Pipe Rack Corridor - Grid A to G (Rack Corridor),Main Pipe Rack Corridor - Grid A to G,STR-PR-101,2026-06-21,2026-06-26,COMPLETED,1.1.1.02.26
ACT-CIV-0077,Civil,Compacting subgrade layer and conducting nuclear density tests [Main Pipe Rack Corridor - Grid H to M],Main Pipe Rack Corridor - Grid H to M,STR-PR-102,2026-06-03,2026-06-07,DELAYED,1.1.1.03.27
ACT-CIV-0078,Civil,Spreading 150mm aggregate base course and roller compaction - Cooling Tower Basin Area (CT-BASIN-01),Cooling Tower Basin Area,CT-BASIN-01,2026-06-13,2026-06-19,COMPLETED,1.1.1.04.28
ACT-CIV-0079,Civil,Slope trimming and placement of stone pitching along stormwater canal for BLDG-SS-01 at Substation SS-01 Yard,Substation SS-01 Yard,BLDG-SS-01,2026-06-16,2026-06-25,COMPLETED,1.1.1.05.29
ACT-CIV-0080,Civil,Geotextile membrane installation beneath heavy haul road embankment at Secondary Substation SS-02 (Substation Yard),Secondary Substation SS-02,BLDG-SS-02,2026-06-19,2026-06-21,COMPLETED,1.1.1.06.30
ACT-CIV-0081,Civil,Dewatering excavation pit prior to blinding concrete pour for BLDG-COMP-01 at Compressor House Bay 1-3,Compressor House Bay 1-3,BLDG-COMP-01,2026-06-29,2026-07-01,COMPLETED,1.1.1.07.31
ACT-CIV-0082,Civil,Backfilling foundation trenches with approved granular fill in 200mm lifts at Compressor House Bay 4-6 (Compressor Area),Compressor House Bay 4-6,BLDG-COMP-02,2026-07-23,2026-07-30,COMPLETED,1.1.1.08.32
ACT-CIV-0083,Civil,Plate load bearing capacity testing on compacted formation soil for BUND-TK-01 at Crude Oil Storage Tank Farm 01,Crude Oil Storage Tank Farm 01,BUND-TK-01,2026-06-28,2026-07-02,COMPLETED,1.1.1.09.33
ACT-CIV-0084,Civil,Digging storm drain trench and installing trench sheet safety shoring - Crude Oil Storage Tank Farm 02 (BUND-TK-02),Crude Oil Storage Tank Farm 02,BUND-TK-02,2026-06-17,2026-06-25,COMPLETED,1.1.1.10.34
ACT-CIV-0085,Civil,Pour 75mm plain cement concrete (PCC) lean blinding mud mat layer for BLDG-CCR at Central Control Room (CCR) Building,Central Control Room (CCR) Building,BLDG-CCR,2026-06-20,2026-06-22,COMPLETED,1.1.2.01.35
ACT-CIV-0086,Civil,Erect timber and steel panel formwork with bracing for deep pedestal footing at Effluent Treatment Plant Basin (Offsites),Effluent Treatment Plant Basin,ETP-BASIN-01,2026-06-30,2026-07-05,COMPLETED,1.1.2.02.36
ACT-CIV-0087,Civil,"Fabricate, hoist and fix heavy reinforcement rebar cage (#8 and #10 bars) for FND-KO-DRUM at Flare Knock-Out Area",Flare Knock-Out Area,FND-KO-DRUM,2026-07-03,2026-07-10,COMPLETED,1.1.2.03.37
ACT-CIV-0088,Civil,Install galvanized anchor bolt clusters and template leveling plates at Product Loading Gantry (Logistics Yard),Product Loading Gantry,GANTRY-01,2026-07-13,2026-07-18,DELAYED,1.1.2.04.38
ACT-CIV-0089,Civil,Cast grade M35 structural concrete for main foundation slab and plinth for FND-UTL-01 at Utility Air & Nitrogen Yard,Utility Air & Nitrogen Yard,FND-UTL-01,2026-07-16,2026-07-22,COMPLETED,1.1.2.05.39
ACT-CIV-0090,Civil,Apply liquid membrane curing compound and wet hessian burlap covering at Perimeter Fence Line - Sector North (Perimeter),Perimeter Fence Line - Sector North,SEC-FENCE-N,2026-07-26,2026-07-31,COMPLETED,1.1.2.06.40
ACT-CIV-0091,Civil,"Schmidt rebound hammer scan and UPV non-destructive test on hardened concrete at SEC-FENCE-S, Perimeter",Perimeter Fence Line - Sector South,SEC-FENCE-S,2026-07-15,2026-07-17,COMPLETED,1.1.2.07.41
ACT-CIV-0092,Civil,Formwork stripping and concrete honeycombing surface patch repair at Plant Stormwater Main Culvert (Drainage Network),Plant Stormwater Main Culvert,DRAIN-CULV-01,2026-07-11,2026-07-15,COMPLETED,1.1.2.08.42
ACT-CIV-0093,Civil,Construct reinforced concrete blast-resistant protection wall for FND-DM-TK01 at Demineralized Water Storage Area,Demineralized Water Storage Area,FND-DM-TK01,2026-07-21,2026-08-01,COMPLETED,1.1.2.09.43
ACT-CIV-0094,Civil,Pour monolithic concrete slab with power-float surface hardener finish at Firewater Reservoir Tank Pad (Fire Safety Area),Firewater Reservoir Tank Pad,FND-FW-TK01,2026-07-31,2026-08-07,COMPLETED,1.1.2.10.44
ACT-CIV-0095,Civil,Install elastomeric ribbed waterstop seals at cold construction joints for WALL-BLAST-01 at Transformer Bay Blast Walls,Transformer Bay Blast Walls,WALL-BLAST-01,2026-07-13,2026-07-15,COMPLETED,1.1.2.11.45
ACT-CIV-0096,Civil,Tie bottom and top rebar mats for retaining bund wall foundation at Raw Water Intake Pump Pit (Intake Area),Raw Water Intake Pump Pit,FND-RW-PIT01,2026-07-23,2026-07-27,COMPLETED,1.1.2.12.46
ACT-CIV-0097,Civil,Pour self-compacting concrete (SCC) inside congested pump pedestal for BLDG-BFW-01 at Boiler Feedwater Treatment Shed,Boiler Feedwater Treatment Shed,BLDG-BFW-01,2026-08-02,2026-08-05,COMPLETED,1.1.2.13.47
ACT-CIV-0098,Civil,Crushing concrete sample cubes for 7-day / 28-day strength compliance [Emergency Generator Enclosure Pad],Emergency Generator Enclosure Pad,FND-EDG-01,2026-07-15,2026-07-19,COMPLETED,1.1.2.14.48
ACT-CIV-0099,Civil,"Install precast concrete cable trench troughs and removable checkered covers (FND-TK-101, Process Train A - Cracker Area)",Process Train A - Cracker Area,FND-TK-101,2026-07-25,2026-08-03,DELAYED,1.1.2.15.49
ACT-CIV-0100,Civil,Erect primary structural steel columns and temporary guy-wire support - Process Train B - Reforming Unit (FND-V-201),Process Train B - Reforming Unit,FND-V-201,2026-08-04,2026-08-10,COMPLETED,1.1.3.01.50
ACT-CIV-0101,Civil,"High-strength friction grip (HSFG) bolt tightening and torque check (STR-PR-101, Main Pipe Rack Corridor - Grid A to G)",Main Pipe Rack Corridor - Grid A to G,STR-PR-101,2026-08-14,2026-08-19,IN_PROGRESS,1.1.3.02.01
ACT-CIV-0102,Civil,Level and pressure-grout column base plates using non-shrink epoxy grout - Main Pipe Rack Corridor - Grid H to M (STR-PR-102),Main Pipe Rack Corridor - Grid H to M,STR-PR-102,2026-08-24,2026-08-28,IN_PROGRESS,1.1.3.03.02
ACT-CIV-0103,Civil,"Lift and bolt secondary transverse steel beams and diagonal cross-bracings (CT-BASIN-01, Cooling Tower Basin Area)",Cooling Tower Basin Area,CT-BASIN-01,2026-08-27,2026-09-05,NOT_STARTED,1.1.3.04.03
ACT-CIV-0104,Civil,Laying cement masonry unit (CMU) walls with reinforced horizontal tie beams [Substation SS-01 Yard],Substation SS-01 Yard,BLDG-SS-01,2026-09-06,2026-09-17,NOT_STARTED,1.1.3.05.04
ACT-CIV-0105,Civil,Two-coat waterproof cement sand plastering on exterior building walls - Secondary Substation SS-02 (BLDG-SS-02),Secondary Substation SS-02,BLDG-SS-02,2026-09-02,2026-09-07,NOT_STARTED,1.1.3.06.05
ACT-CIV-0106,Civil,Install corrugated galvanized metal deck sheets and shear stud puddle welds - Compressor House Bay 1-3 (BLDG-COMP-01),Compressor House Bay 1-3,BLDG-COMP-01,2026-08-29,2026-09-03,NOT_STARTED,1.1.3.07.06
ACT-CIV-0107,Civil,"Fireproofing application (cementitious intumescent) on structural steel legs (BLDG-COMP-02, Compressor House Bay 4-6)",Compressor House Bay 4-6,BLDG-COMP-02,2026-09-15,2026-09-23,NOT_STARTED,1.1.3.08.07
ACT-CIV-0108,Civil,Erect overhead crane runway gantry beam and precision align rails - Crude Oil Storage Tank Farm 01 (BUND-TK-01),Crude Oil Storage Tank Farm 01,BUND-TK-01,2026-09-11,2026-09-18,NOT_STARTED,1.1.3.09.08
ACT-CIV-0109,Civil,"Mount industrial louvers and double-leaf fire doors on equipment shelter (BUND-TK-02, Crude Oil Storage Tank Farm 02)",Crude Oil Storage Tank Farm 02,BUND-TK-02,2026-09-28,2026-10-05,NOT_STARTED,1.1.3.09.09
ACT-CIV-0110,Civil,Install perimeter heavy chain-link security fencing with razor wire topping - Central Control Room (CCR) Building (BLDG-CCR),Central Control Room (CCR) Building,BLDG-CCR,2026-10-08,2026-10-14,NOT_STARTED,1.1.3.10.10
ACT-CIV-0111,Civil,Bituminous waterproofing membrane application on substation flat roof slab for FND-KO-DRUM at Flare Knock-Out Area,Flare Knock-Out Area,FND-KO-DRUM,2026-10-04,2026-10-09,NOT_STARTED,1.1.3.11.11
ACT-CIV-0112,Civil,"Bulk soil excavation and rough site grading to design formation level at GANTRY-01, Logistics Yard",Product Loading Gantry,GANTRY-01,2026-06-01,2026-06-09,COMPLETED,1.1.1.01.12
ACT-CIV-0113,Civil,Excavation for foundation footing and equipment plinths for FND-UTL-01 at Utility Air & Nitrogen Yard,Utility Air & Nitrogen Yard,FND-UTL-01,2026-06-06,2026-06-13,COMPLETED,1.1.1.02.13
ACT-CIV-0114,Civil,Subgrade soil compaction and in-situ moisture-density nuclear testing at Perimeter Fence Line - Sector North (Perimeter),Perimeter Fence Line - Sector North,SEC-FENCE-N,2026-06-09,2026-06-15,COMPLETED,1.1.1.03.14
ACT-CIV-0115,Civil,Laying and compacting 150mm crushed aggregate base course for SEC-FENCE-S at Perimeter Fence Line - Sector South,Perimeter Fence Line - Sector South,SEC-FENCE-S,2026-06-19,2026-06-22,COMPLETED,1.1.1.04.15
ACT-CIV-0116,Civil,Slope trimming and placement of stone pitching along stormwater canal at Plant Stormwater Main Culvert (Drainage Network),Plant Stormwater Main Culvert,DRAIN-CULV-01,2026-06-22,2026-06-28,COMPLETED,1.1.1.05.16
ACT-CIV-0117,Civil,Haul road subgrade geotextile sheet placement and overlapping - Demineralized Water Storage Area (FND-DM-TK01),Demineralized Water Storage Area,FND-DM-TK01,2026-06-25,2026-06-29,COMPLETED,1.1.1.06.17
ACT-CIV-0118,Civil,Dewatering excavation pit prior to blinding concrete pour at Firewater Reservoir Tank Pad (Fire Safety Area),Firewater Reservoir Tank Pad,FND-FW-TK01,2026-07-05,2026-07-09,COMPLETED,1.1.1.07.18
ACT-CIV-0119,Civil,Layered backfilling and pneumatic tamping around completed concrete bases [Transformer Bay Blast Walls],Transformer Bay Blast Walls,WALL-BLAST-01,2026-07-08,2026-07-17,COMPLETED,1.1.1.08.19
ACT-CIV-0120,Civil,Plate load bearing capacity testing on compacted formation soil at Raw Water Intake Pump Pit (Intake Area),Raw Water Intake Pump Pit,FND-RW-PIT01,2026-06-13,2026-06-15,COMPLETED,1.1.1.09.20
ACT-CIV-0121,Civil,Excavation and trench shoring for underground storm drainage culvert for BLDG-BFW-01 at Boiler Feedwater Treatment Shed,Boiler Feedwater Treatment Shed,BLDG-BFW-01,2026-06-23,2026-06-28,DELAYED,1.1.1.10.21
ACT-CIV-0122,Civil,Pour 75mm plain cement concrete (PCC) lean blinding mud mat layer at Emergency Generator Enclosure Pad (Power House),Emergency Generator Enclosure Pad,FND-EDG-01,2026-06-26,2026-06-29,COMPLETED,1.1.2.01.22
ACT-CIV-0123,Civil,"Erect timber and steel panel formwork with bracing for deep pedestal footing (FND-TK-101, Process Train A - Cracker Area)",Process Train A - Cracker Area,FND-TK-101,2026-07-06,2026-07-13,COMPLETED,1.1.2.02.23
ACT-CIV-0124,Civil,"Fabricate, hoist and fix heavy reinforcement rebar cage (#8 and #10 bars) - Process Train B - Reforming Unit (FND-V-201)",Process Train B - Reforming Unit,FND-V-201,2026-07-09,2026-07-18,COMPLETED,1.1.2.03.24
ACT-CIV-0125,Civil,"Install galvanized anchor bolt clusters and template leveling plates (STR-PR-101, Main Pipe Rack Corridor - Grid A to G)",Main Pipe Rack Corridor - Grid A to G,STR-PR-101,2026-07-19,2026-07-21,COMPLETED,1.1.2.04.25
ACT-CIV-0126,Civil,Pouring and vibrating grade M35 ready-mix structural concrete for base slab - Main Pipe Rack Corridor - Grid H to M (STR-PR-102),Main Pipe Rack Corridor - Grid H to M,STR-PR-102,2026-07-01,2026-07-04,COMPLETED,1.1.2.05.26
ACT-CIV-0127,Civil,"Apply liquid membrane curing compound and wet hessian burlap covering (CT-BASIN-01, Cooling Tower Basin Area)",Cooling Tower Basin Area,CT-BASIN-01,2026-07-11,2026-07-18,COMPLETED,1.1.2.06.27
ACT-CIV-0128,Civil,Post-pour ultrasonic pulse velocity (UPV) and rebound hammer testing - Substation SS-01 Yard (BLDG-SS-01),Substation SS-01 Yard,BLDG-SS-01,2026-07-21,2026-07-25,COMPLETED,1.1.2.07.28
ACT-CIV-0129,Civil,"Formwork stripping and concrete honeycombing surface patch repair (BLDG-SS-02, Secondary Substation SS-02)",Secondary Substation SS-02,BLDG-SS-02,2026-07-17,2026-07-23,COMPLETED,1.1.2.08.29
ACT-CIV-0130,Civil,"Construction of heavy RC blast mitigation barrier wall at BLDG-COMP-01, Compressor Area",Compressor House Bay 1-3,BLDG-COMP-01,2026-07-27,2026-08-04,COMPLETED,1.1.2.09.30
ACT-CIV-0131,Civil,"Pour monolithic concrete slab with power-float surface hardener finish (BLDG-COMP-02, Compressor House Bay 4-6)",Compressor House Bay 4-6,BLDG-COMP-02,2026-08-06,2026-08-10,COMPLETED,1.1.2.10.31
ACT-CIV-0132,Civil,Install elastomeric ribbed waterstop seals at cold construction joints - Crude Oil Storage Tank Farm 01 (BUND-TK-01),Crude Oil Storage Tank Farm 01,BUND-TK-01,2026-07-19,2026-07-22,DELAYED,1.1.2.11.32
ACT-CIV-0133,Civil,"Rebar fixing and tying for reinforced concrete spill bund footing at BUND-TK-02, Tank Farm West",Crude Oil Storage Tank Farm 02,BUND-TK-02,2026-07-08,2026-07-14,COMPLETED,1.1.2.12.33
ACT-CIV-0134,Civil,Pour self-compacting concrete (SCC) inside congested pump pedestal - Central Control Room (CCR) Building (BLDG-CCR),Central Control Room (CCR) Building,BLDG-CCR,2026-07-18,2026-07-23,COMPLETED,1.1.2.13.34
ACT-CIV-0135,Civil,"Concrete cube sampling and 7-day / 28-day compressive strength lab testing (ETP-BASIN-01, Effluent Treatment Plant Basin)",Effluent Treatment Plant Basin,ETP-BASIN-01,2026-07-21,2026-07-23,COMPLETED,1.1.2.14.35
ACT-CIV-0136,Civil,Install precast concrete cable trench troughs and removable checkered covers - Flare Knock-Out Area (FND-KO-DRUM),Flare Knock-Out Area,FND-KO-DRUM,2026-07-31,2026-08-06,COMPLETED,1.1.2.15.36
ACT-CIV-0137,Civil,"Erect primary structural steel columns and temporary guy-wire support (GANTRY-01, Product Loading Gantry)",Product Loading Gantry,GANTRY-01,2026-08-10,2026-08-18,IN_PROGRESS,1.1.3.01.37
ACT-CIV-0138,Civil,High-strength friction grip (HSFG) bolt tightening and torque check - Utility Air & Nitrogen Yard (FND-UTL-01),Utility Air & Nitrogen Yard,FND-UTL-01,2026-08-20,2026-08-27,IN_PROGRESS,1.1.3.02.38
ACT-CIV-0139,Civil,"Level and pressure-grout column base plates using non-shrink epoxy grout (SEC-FENCE-N, Perimeter Fence Line - Sector North)",Perimeter Fence Line - Sector North,SEC-FENCE-N,2026-08-30,2026-09-05,NOT_STARTED,1.1.3.03.39
ACT-CIV-0140,Civil,Installing cross-bracing steel members and connecting secondary floor beams [Perimeter Fence Line - Sector South],Perimeter Fence Line - Sector South,SEC-FENCE-S,2026-08-12,2026-08-18,IN_PROGRESS,1.1.3.04.40
ACT-CIV-0141,Civil,"Lay solid concrete block masonry wall with reinforced concrete bond beams (DRAIN-CULV-01, Plant Stormwater Main Culvert)",Plant Stormwater Main Culvert,DRAIN-CULV-01,2026-08-22,2026-08-30,IN_PROGRESS,1.1.3.05.41
ACT-CIV-0142,Civil,Apply two-coat sand-faced cement plaster on external masonry envelope - Demineralized Water Storage Area (FND-DM-TK01),Demineralized Water Storage Area,FND-DM-TK01,2026-09-08,2026-09-15,NOT_STARTED,1.1.3.06.42
ACT-CIV-0143,Civil,Metal profile decking sheet installation with puddle-welded shear studs [Firewater Reservoir Tank Pad],Firewater Reservoir Tank Pad,FND-FW-TK01,2026-09-04,2026-09-11,NOT_STARTED,1.1.3.07.43
ACT-CIV-0144,Civil,Fireproofing application (cementitious intumescent) on structural steel legs - Transformer Bay Blast Walls (WALL-BLAST-01),Transformer Bay Blast Walls,WALL-BLAST-01,2026-09-21,2026-10-01,NOT_STARTED,1.1.3.08.44
ACT-CIV-0145,Civil,"Erect overhead crane runway gantry beam and precision align rails (FND-RW-PIT01, Raw Water Intake Pump Pit)",Raw Water Intake Pump Pit,FND-RW-PIT01,2026-09-17,2026-09-21,NOT_STARTED,1.1.3.09.45
ACT-CIV-0146,Civil,Mount industrial louvers and double-leaf fire doors on equipment shelter - Boiler Feedwater Treatment Shed (BLDG-BFW-01),Boiler Feedwater Treatment Shed,BLDG-BFW-01,2026-10-04,2026-10-08,NOT_STARTED,1.1.3.09.46
ACT-CIV-0147,Civil,Fixing galvanized chainlink security fence and triple-strand concertina wire - Emergency Generator Enclosure Pad (FND-EDG-01),Emergency Generator Enclosure Pad,FND-EDG-01,2026-09-23,2026-10-01,NOT_STARTED,1.1.3.10.47
ACT-CIV-0148,Civil,Bituminous waterproofing membrane application on substation flat roof slab - Process Train B - Reforming Unit (FND-V-201),Process Train B - Reforming Unit,FND-V-201,2026-09-19,2026-09-26,NOT_STARTED,1.1.3.11.48
ACT-CIV-0149,Civil,"Rough grading and bulk earth excavation down to founding level (STR-PR-101, Main Pipe Rack Corridor - Grid A to G)",Main Pipe Rack Corridor - Grid A to G,STR-PR-101,2026-06-02,2026-06-12,COMPLETED,1.1.1.01.49
ACT-CIV-0150,Civil,Excavation for foundation footing and equipment plinths - Main Pipe Rack Corridor - Grid H to M (STR-PR-102),Main Pipe Rack Corridor - Grid H to M,STR-PR-102,2026-06-12,2026-06-16,COMPLETED,1.1.1.02.50
ACT-CIV-0151,Civil,"Subgrade soil compaction and in-situ moisture-density nuclear testing (CT-BASIN-01, Cooling Tower Basin Area)",Cooling Tower Basin Area,CT-BASIN-01,2026-06-15,2026-06-18,COMPLETED,1.1.1.03.01
ACT-CIV-0152,Civil,Laying and compacting 150mm crushed aggregate base course - Substation SS-01 Yard (BLDG-SS-01),Substation SS-01 Yard,BLDG-SS-01,2026-06-25,2026-06-30,COMPLETED,1.1.1.04.02
ACT-CIV-0153,Civil,"Slope trimming and placement of stone pitching along stormwater canal (BLDG-SS-02, Secondary Substation SS-02)",Secondary Substation SS-02,BLDG-SS-02,2026-06-28,2026-07-06,COMPLETED,1.1.1.05.03
ACT-CIV-0154,Civil,"Subgrade geotextile stabilization membrane rollout and pinning at BLDG-COMP-01, Compressor Area",Compressor House Bay 1-3,BLDG-COMP-01,2026-06-10,2026-06-16,DELAYED,1.1.1.06.04
ACT-CIV-0155,Civil,"Dewatering excavation pit prior to blinding concrete pour (BLDG-COMP-02, Compressor House Bay 4-6)",Compressor House Bay 4-6,BLDG-COMP-02,2026-06-20,2026-06-22,COMPLETED,1.1.1.07.05
ACT-CIV-0156,Civil,Granular backfill compaction in 200mm layers around foundation footings - Crude Oil Storage Tank Farm 01 (BUND-TK-01),Crude Oil Storage Tank Farm 01,BUND-TK-01,2026-07-14,2026-07-20,COMPLETED,1.1.1.08.06
ACT-CIV-0157,Civil,"Plate load bearing capacity testing on compacted formation soil (BUND-TK-02, Crude Oil Storage Tank Farm 02)",Crude Oil Storage Tank Farm 02,BUND-TK-02,2026-06-19,2026-06-22,COMPLETED,1.1.1.09.07
ACT-CIV-0158,Civil,Excavation and trench shoring for underground storm drainage culvert - Central Control Room (CCR) Building (BLDG-CCR),Central Control Room (CCR) Building,BLDG-CCR,2026-06-29,2026-07-06,COMPLETED,1.1.1.10.08
ACT-CIV-0159,Civil,"Pour 75mm plain cement concrete (PCC) lean blinding mud mat layer (ETP-BASIN-01, Effluent Treatment Plant Basin)",Effluent Treatment Plant Basin,ETP-BASIN-01,2026-07-02,2026-07-07,COMPLETED,1.1.2.01.09
ACT-CIV-0160,Civil,Erect timber and steel panel formwork with bracing for deep pedestal footing - Flare Knock-Out Area (FND-KO-DRUM),Flare Knock-Out Area,FND-KO-DRUM,2026-07-12,2026-07-16,COMPLETED,1.1.2.02.10
ACT-CIV-0161,Civil,Fixing reinforcement rebar steel and hoisting main foundation cage [Product Loading Gantry],Product Loading Gantry,GANTRY-01,2026-06-24,2026-06-30,COMPLETED,1.1.2.03.11
ACT-CIV-0162,Civil,Install galvanized anchor bolt clusters and template leveling plates - Utility Air & Nitrogen Yard (FND-UTL-01),Utility Air & Nitrogen Yard,FND-UTL-01,2026-07-04,2026-07-08,COMPLETED,1.1.2.04.12
ACT-CIV-0163,Civil,"Cast grade M35 structural concrete for main foundation slab and plinth (SEC-FENCE-N, Perimeter Fence Line - Sector North)",Perimeter Fence Line - Sector North,SEC-FENCE-N,2026-07-07,2026-07-12,COMPLETED,1.1.2.05.13
ACT-CIV-0164,Civil,Apply liquid membrane curing compound and wet hessian burlap covering - Perimeter Fence Line - Sector South (SEC-FENCE-S),Perimeter Fence Line - Sector South,SEC-FENCE-S,2026-07-17,2026-07-26,COMPLETED,1.1.2.06.14
ACT-CIV-0165,Civil,"Post-pour ultrasonic pulse velocity (UPV) and rebound hammer testing (DRAIN-CULV-01, Plant Stormwater Main Culvert)",Plant Stormwater Main Culvert,DRAIN-CULV-01,2026-07-27,2026-07-29,DELAYED,1.1.2.07.15
ACT-CIV-0166,Civil,Formwork stripping and concrete honeycombing surface patch repair - Demineralized Water Storage Area (FND-DM-TK01),Demineralized Water Storage Area,FND-DM-TK01,2026-07-23,2026-07-26,COMPLETED,1.1.2.08.16
ACT-CIV-0167,Civil,"Construct reinforced concrete blast-resistant protection wall (FND-FW-TK01, Firewater Reservoir Tank Pad)",Firewater Reservoir Tank Pad,FND-FW-TK01,2026-08-02,2026-08-12,IN_PROGRESS,1.1.2.09.17
ACT-CIV-0168,Civil,Power floating dry-shake quartz hardener onto monolithic concrete floor slab - Transformer Bay Blast Walls (WALL-BLAST-01),Transformer Bay Blast Walls,WALL-BLAST-01,2026-07-22,2026-07-28,COMPLETED,1.1.2.10.18
ACT-CIV-0169,Civil,"Waterstop strip installation and alignment at cold concrete pour joints at FND-RW-PIT01, Intake Area",Raw Water Intake Pump Pit,FND-RW-PIT01,2026-07-04,2026-07-09,COMPLETED,1.1.2.11.19
ACT-CIV-0170,Civil,Tie bottom and top rebar mats for retaining bund wall foundation - Boiler Feedwater Treatment Shed (BLDG-BFW-01),Boiler Feedwater Treatment Shed,BLDG-BFW-01,2026-07-14,2026-07-17,COMPLETED,1.1.2.12.20
ACT-CIV-0171,Civil,"Pour self-compacting concrete (SCC) inside congested pump pedestal (FND-EDG-01, Emergency Generator Enclosure Pad)",Emergency Generator Enclosure Pad,FND-EDG-01,2026-07-24,2026-07-26,COMPLETED,1.1.2.13.21
ACT-CIV-0172,Civil,Concrete cube sampling and 7-day / 28-day compressive strength lab testing for FND-TK-101 at Process Train A - Cracker Area,Process Train A - Cracker Area,FND-TK-101,2026-07-27,2026-07-30,COMPLETED,1.1.2.14.22
ACT-CIV-0173,Civil,Install precast concrete cable trench troughs and removable checkered covers at Process Train B - Reforming Unit (Zone B),Process Train B - Reforming Unit,FND-V-201,2026-08-06,2026-08-14,IN_PROGRESS,1.1.2.15.23
ACT-CIV-0174,Civil,Erect primary structural steel columns and temporary guy-wire support for STR-PR-101 at Main Pipe Rack Corridor - Grid A to G,Main Pipe Rack Corridor - Grid A to G,STR-PR-101,2026-08-16,2026-08-26,IN_PROGRESS,1.1.3.01.24
ACT-CIV-0175,Civil,"Tensioning high-strength friction grip connection bolts and paint-marking at STR-PR-102, Rack Corridor",Main Pipe Rack Corridor - Grid H to M,STR-PR-102,2026-08-05,2026-08-09,COMPLETED,1.1.3.02.25
ACT-CIV-0176,Civil,Level and pressure-grout column base plates using non-shrink epoxy grout for CT-BASIN-01 at Cooling Tower Basin Area,Cooling Tower Basin Area,CT-BASIN-01,2026-08-15,2026-08-18,IN_PROGRESS,1.1.3.03.26
ACT-CIV-0177,Civil,Lift and bolt secondary transverse steel beams and diagonal cross-bracings at Substation SS-01 Yard (Substation Yard),Substation SS-01 Yard,BLDG-SS-01,2026-08-18,2026-08-26,IN_PROGRESS,1.1.3.04.27
ACT-CIV-0178,Civil,Lay solid concrete block masonry wall with reinforced concrete bond beams for BLDG-SS-02 at Secondary Substation SS-02,Secondary Substation SS-02,BLDG-SS-02,2026-08-28,2026-09-07,NOT_STARTED,1.1.3.05.28
ACT-CIV-0179,Civil,Apply two-coat sand-faced cement plaster on external masonry envelope at Compressor House Bay 1-3 (Compressor Area),Compressor House Bay 1-3,BLDG-COMP-01,2026-09-14,2026-09-23,NOT_STARTED,1.1.3.06.29
ACT-CIV-0180,Civil,Install corrugated galvanized metal deck sheets and shear stud puddle welds for BLDG-COMP-02 at Compressor House Bay 4-6,Compressor House Bay 4-6,BLDG-COMP-02,2026-09-10,2026-09-14,NOT_STARTED,1.1.3.07.30
ACT-CIV-0181,Civil,Fireproofing application (cementitious intumescent) on structural steel legs at Crude Oil Storage Tank Farm 01 (Tank Farm East),Crude Oil Storage Tank Farm 01,BUND-TK-01,2026-09-27,2026-10-04,NOT_STARTED,1.1.3.08.31
ACT-CIV-0182,Civil,Hoisting overhead travelling crane runway girders and optical rail alignment [Crude Oil Storage Tank Farm 02],Crude Oil Storage Tank Farm 02,BUND-TK-02,2026-09-02,2026-09-08,NOT_STARTED,1.1.3.09.32
ACT-CIV-0183,Civil,Mount industrial louvers and double-leaf fire doors on equipment shelter at Central Control Room (CCR) Building (Admin & Control Area),Central Control Room (CCR) Building,BLDG-CCR,2026-09-19,2026-09-25,NOT_STARTED,1.1.3.09.33
ACT-CIV-0184,Civil,Install perimeter heavy chain-link security fencing with razor wire topping for ETP-BASIN-01 at Effluent Treatment Plant Basin,Effluent Treatment Plant Basin,ETP-BASIN-01,2026-09-29,2026-10-09,NOT_STARTED,1.1.3.10.34
ACT-CIV-0185,Civil,"Bituminous waterproofing membrane application on substation flat roof slab (GANTRY-01, Product Loading Gantry)",Product Loading Gantry,GANTRY-01,2026-09-25,2026-09-29,NOT_STARTED,1.1.3.11.35
ACT-CIV-0186,Civil,Rough grading and bulk earth excavation down to founding level - Utility Air & Nitrogen Yard (FND-UTL-01),Utility Air & Nitrogen Yard,FND-UTL-01,2026-06-08,2026-06-15,COMPLETED,1.1.1.01.36
ACT-CIV-0187,Civil,"Excavation for foundation footing and equipment plinths (SEC-FENCE-N, Perimeter Fence Line - Sector North)",Perimeter Fence Line - Sector North,SEC-FENCE-N,2026-06-18,2026-06-24,DELAYED,1.1.1.02.37
ACT-CIV-0188,Civil,Subgrade soil compaction and in-situ moisture-density nuclear testing - Perimeter Fence Line - Sector South (SEC-FENCE-S),Perimeter Fence Line - Sector South,SEC-FENCE-S,2026-06-21,2026-06-26,COMPLETED,1.1.1.03.38
ACT-CIV-0189,Civil,Placement and vibrating compaction of 150mm crushed stone sub-base - Plant Stormwater Main Culvert (DRAIN-CULV-01),Plant Stormwater Main Culvert,DRAIN-CULV-01,2026-06-10,2026-06-17,COMPLETED,1.1.1.04.39
ACT-CIV-0190,Civil,Slope trimming and placement of stone pitching along stormwater canal - Demineralized Water Storage Area (FND-DM-TK01),Demineralized Water Storage Area,FND-DM-TK01,2026-06-13,2026-06-18,COMPLETED,1.1.1.05.40
ACT-CIV-0191,Civil,"Geotextile membrane installation beneath heavy haul road embankment (FND-FW-TK01, Firewater Reservoir Tank Pad)",Firewater Reservoir Tank Pad,FND-FW-TK01,2026-06-16,2026-06-19,COMPLETED,1.1.1.06.41
ACT-CIV-0192,Civil,Dewatering excavation pit prior to blinding concrete pour - Transformer Bay Blast Walls (WALL-BLAST-01),Transformer Bay Blast Walls,WALL-BLAST-01,2026-06-26,2026-06-29,COMPLETED,1.1.1.07.42
ACT-CIV-0193,Civil,"Backfilling foundation trenches with approved granular fill in 200mm lifts (FND-RW-PIT01, Raw Water Intake Pump Pit)",Raw Water Intake Pump Pit,FND-RW-PIT01,2026-07-20,2026-07-28,COMPLETED,1.1.1.08.43
ACT-CIV-0194,Civil,Plate load bearing capacity testing on compacted formation soil - Boiler Feedwater Treatment Shed (BLDG-BFW-01),Boiler Feedwater Treatment Shed,BLDG-BFW-01,2026-06-25,2026-06-30,COMPLETED,1.1.1.09.44
ACT-CIV-0195,Civil,Drainage trenching with trench box shoring for stormwater concrete culvert - Emergency Generator Enclosure Pad (FND-EDG-01),Emergency Generator Enclosure Pad,FND-EDG-01,2026-07-05,2026-07-09,COMPLETED,1.1.1.10.45
ACT-CIV-0196,Civil,"Casting 75mm lean mix mud mat concrete over subgrade at FND-TK-101, Zone A",Process Train A - Cracker Area,FND-TK-101,2026-06-17,2026-06-19,COMPLETED,1.1.2.01.46
ACT-CIV-0197,Civil,Erect timber and steel panel formwork with bracing for deep pedestal footing at Process Train B - Reforming Unit (Zone B),Process Train B - Reforming Unit,FND-V-201,2026-06-27,2026-07-03,COMPLETED,1.1.2.02.47
ACT-CIV-0198,Civil,"Fabricate, hoist and fix heavy reinforcement rebar cage (#8 and #10 bars) for STR-PR-101 at Main Pipe Rack Corridor - Grid A to G",Main Pipe Rack Corridor - Grid A to G,STR-PR-101,2026-06-30,2026-07-08,DELAYED,1.1.2.03.48
ACT-CIV-0199,Civil,Install galvanized anchor bolt clusters and template leveling plates at Main Pipe Rack Corridor - Grid H to M (Rack Corridor),Main Pipe Rack Corridor - Grid H to M,STR-PR-102,2026-07-10,2026-07-16,COMPLETED,1.1.2.04.49
ACT-CIV-0200,Civil,Cast grade M35 structural concrete for main foundation slab and plinth for CT-BASIN-01 at Cooling Tower Basin Area,Cooling Tower Basin Area,CT-BASIN-01,2026-07-13,2026-07-15,COMPLETED,1.1.2.05.50
ACT-CIV-0201,Civil,Apply liquid membrane curing compound and wet hessian burlap covering at Substation SS-01 Yard (Substation Yard),Substation SS-01 Yard,BLDG-SS-01,2026-07-23,2026-07-29,COMPLETED,1.1.2.06.01
ACT-CIV-0202,Civil,Post-pour ultrasonic pulse velocity (UPV) and rebound hammer testing for BLDG-SS-02 at Secondary Substation SS-02,Secondary Substation SS-02,BLDG-SS-02,2026-08-02,2026-08-05,COMPLETED,1.1.2.07.02
ACT-CIV-0203,Civil,Striking formwork shutters and non-shrink cosmetic grout touchup [Compressor House Bay 1-3],Compressor House Bay 1-3,BLDG-COMP-01,2026-07-08,2026-07-13,COMPLETED,1.1.2.08.03
ACT-CIV-0204,Civil,Construct reinforced concrete blast-resistant protection wall for BLDG-COMP-02 at Compressor House Bay 4-6,Compressor House Bay 4-6,BLDG-COMP-02,2026-07-18,2026-07-30,COMPLETED,1.1.2.09.04
ACT-CIV-0205,Civil,Pour monolithic concrete slab with power-float surface hardener finish at Crude Oil Storage Tank Farm 01 (Tank Farm East),Crude Oil Storage Tank Farm 01,BUND-TK-01,2026-07-28,2026-07-31,COMPLETED,1.1.2.10.05
ACT-CIV-0206,Civil,Install elastomeric ribbed waterstop seals at cold construction joints for BUND-TK-02 at Crude Oil Storage Tank Farm 02,Crude Oil Storage Tank Farm 02,BUND-TK-02,2026-07-10,2026-07-12,COMPLETED,1.1.2.11.06
ACT-CIV-0207,Civil,Tie bottom and top rebar mats for retaining bund wall foundation at Central Control Room (CCR) Building (Admin & Control Area),Central Control Room (CCR) Building,BLDG-CCR,2026-07-20,2026-07-25,COMPLETED,1.1.2.12.07
ACT-CIV-0208,Civil,"Casting high-slump self-compacting concrete around complex rebar embedments at ETP-BASIN-01, Offsites",Effluent Treatment Plant Basin,ETP-BASIN-01,2026-07-30,2026-08-03,COMPLETED,1.1.2.13.08
ACT-CIV-0209,Civil,Concrete cube sampling and 7-day / 28-day compressive strength lab testing at Flare Knock-Out Area (Flare Area),Flare Knock-Out Area,FND-KO-DRUM,2026-08-02,2026-08-07,DELAYED,1.1.2.14.09
ACT-CIV-0210,Civil,"Precast concrete cable trough alignment, joint sealing and cover installation - Product Loading Gantry (GANTRY-01)",Product Loading Gantry,GANTRY-01,2026-07-22,2026-07-27,COMPLETED,1.1.2.15.10
ACT-CIV-0211,Civil,Erect primary structural steel columns and temporary guy-wire support at Utility Air & Nitrogen Yard (Utilities Zone),Utility Air & Nitrogen Yard,FND-UTL-01,2026-08-01,2026-08-08,COMPLETED,1.1.3.01.11
ACT-CIV-0212,Civil,High-strength friction grip (HSFG) bolt tightening and torque check for SEC-FENCE-N at Perimeter Fence Line - Sector North,Perimeter Fence Line - Sector North,SEC-FENCE-N,2026-08-11,2026-08-17,IN_PROGRESS,1.1.3.02.12
ACT-CIV-0213,Civil,Level and pressure-grout column base plates using non-shrink epoxy grout at Perimeter Fence Line - Sector South (Perimeter),Perimeter Fence Line - Sector South,SEC-FENCE-S,2026-08-21,2026-08-26,IN_PROGRESS,1.1.3.03.13
ACT-CIV-0214,Civil,Lift and bolt secondary transverse steel beams and diagonal cross-bracings for DRAIN-CULV-01 at Plant Stormwater Main Culvert,Plant Stormwater Main Culvert,DRAIN-CULV-01,2026-08-24,2026-09-03,IN_PROGRESS,1.1.3.04.14
ACT-CIV-0215,Civil,Lay solid concrete block masonry wall with reinforced concrete bond beams at Demineralized Water Storage Area (Water Treatment),Demineralized Water Storage Area,FND-DM-TK01,2026-09-03,2026-09-10,NOT_STARTED,1.1.3.05.15
ACT-CIV-0216,Civil,Apply two-coat sand-faced cement plaster on external masonry envelope for FND-FW-TK01 at Firewater Reservoir Tank Pad,Firewater Reservoir Tank Pad,FND-FW-TK01,2026-09-20,2026-09-26,NOT_STARTED,1.1.3.06.16
ACT-CIV-0217,Civil,"Metal profile decking sheet installation with puddle-welded shear studs at WALL-BLAST-01, Transformer Yard",Transformer Bay Blast Walls,WALL-BLAST-01,2026-08-26,2026-09-01,NOT_STARTED,1.1.3.07.17
ACT-CIV-0218,Civil,Fireproofing application (cementitious intumescent) on structural steel legs for FND-RW-PIT01 at Raw Water Intake Pump Pit,Raw Water Intake Pump Pit,FND-RW-PIT01,2026-09-12,2026-09-21,NOT_STARTED,1.1.3.08.18
ACT-CIV-0219,Civil,Erect overhead crane runway gantry beam and precision align rails at Boiler Feedwater Treatment Shed (Utilities Zone),Boiler Feedwater Treatment Shed,BLDG-BFW-01,2026-09-08,2026-09-16,NOT_STARTED,1.1.3.09.19
ACT-CIV-0220,Civil,Mount industrial louvers and double-leaf fire doors on equipment shelter for FND-EDG-01 at Emergency Generator Enclosure Pad,Emergency Generator Enclosure Pad,FND-EDG-01,2026-09-25,2026-09-28,NOT_STARTED,1.1.3.09.20
ACT-CIV-0221,Civil,Perimeter security fence installation with barbed wire extension arms [Process Train A - Cracker Area],Process Train A - Cracker Area,FND-TK-101,2026-10-05,2026-10-12,DELAYED,1.1.3.10.21
ACT-CIV-0222,Civil,Bituminous waterproofing membrane application on substation flat roof slab for STR-PR-101 at Main Pipe Rack Corridor - Grid A to G,Main Pipe Rack Corridor - Grid A to G,STR-PR-101,2026-10-01,2026-10-07,NOT_STARTED,1.1.3.11.22
ACT-CIV-0223,Civil,Rough grading and bulk earth excavation down to founding level at Main Pipe Rack Corridor - Grid H to M (Rack Corridor),Main Pipe Rack Corridor - Grid H to M,STR-PR-102,2026-06-14,2026-06-23,COMPLETED,1.1.1.01.23
ACT-CIV-0224,Civil,Pit digging and foundation trench excavation for equipment plinth [Cooling Tower Basin Area],Cooling Tower Basin Area,CT-BASIN-01,2026-06-03,2026-06-11,COMPLETED,1.1.1.02.24
ACT-CIV-0225,Civil,Subgrade soil compaction and in-situ moisture-density nuclear testing at Substation SS-01 Yard (Substation Yard),Substation SS-01 Yard,BLDG-SS-01,2026-06-06,2026-06-08,COMPLETED,1.1.1.03.25
ACT-CIV-0226,Civil,Laying and compacting 150mm crushed aggregate base course for BLDG-SS-02 at Secondary Substation SS-02,Secondary Substation SS-02,BLDG-SS-02,2026-06-16,2026-06-20,COMPLETED,1.1.1.04.26
ACT-CIV-0227,Civil,Slope trimming and placement of stone pitching along stormwater canal at Compressor House Bay 1-3 (Compressor Area),Compressor House Bay 1-3,BLDG-COMP-01,2026-06-19,2026-06-26,COMPLETED,1.1.1.05.27
ACT-CIV-0228,Civil,Geotextile membrane installation beneath heavy haul road embankment for BLDG-COMP-02 at Compressor House Bay 4-6,Compressor House Bay 4-6,BLDG-COMP-02,2026-06-22,2026-06-27,COMPLETED,1.1.1.06.28
ACT-CIV-0229,Civil,Dewatering excavation pit prior to blinding concrete pour at Crude Oil Storage Tank Farm 01 (Tank Farm East),Crude Oil Storage Tank Farm 01,BUND-TK-01,2026-07-02,2026-07-07,COMPLETED,1.1.1.07.29
ACT-CIV-0230,Civil,Backfilling foundation trenches with approved granular fill in 200mm lifts for BUND-TK-02 at Crude Oil Storage Tank Farm 02,Crude Oil Storage Tank Farm 02,BUND-TK-02,2026-07-26,2026-07-31,COMPLETED,1.1.1.08.30
ACT-CIV-0231,Civil,In-situ plate load test on compacted foundation subgrade formation - Central Control Room (CCR) Building (BLDG-CCR),Central Control Room (CCR) Building,BLDG-CCR,2026-06-10,2026-06-12,DELAYED,1.1.1.09.31
ACT-CIV-0232,Civil,Excavation and trench shoring for underground storm drainage culvert for ETP-BASIN-01 at Effluent Treatment Plant Basin,Effluent Treatment Plant Basin,ETP-BASIN-01,2026-06-20,2026-06-26,COMPLETED,1.1.1.10.32
ACT-CIV-0233,Civil,Pour 75mm plain cement concrete (PCC) lean blinding mud mat layer at Flare Knock-Out Area (Flare Area),Flare Knock-Out Area,FND-KO-DRUM,2026-06-23,2026-06-27,COMPLETED,1.1.2.01.33
ACT-CIV-0234,Civil,Setting up foundation pedestal forms with heavy steel waler supports - Product Loading Gantry (GANTRY-01),Product Loading Gantry,GANTRY-01,2026-07-03,2026-07-11,COMPLETED,1.1.2.02.34
ACT-CIV-0235,Civil,"Fabricate, hoist and fix heavy reinforcement rebar cage (#8 and #10 bars) at Utility Air & Nitrogen Yard (Utilities Zone)",Utility Air & Nitrogen Yard,FND-UTL-01,2026-07-06,2026-07-11,COMPLETED,1.1.2.03.35
ACT-CIV-0236,Civil,Install galvanized anchor bolt clusters and template leveling plates for SEC-FENCE-N at Perimeter Fence Line - Sector North,Perimeter Fence Line - Sector North,SEC-FENCE-N,2026-07-16,2026-07-19,COMPLETED,1.1.2.04.36
ACT-CIV-0237,Civil,Cast grade M35 structural concrete for main foundation slab and plinth at Perimeter Fence Line - Sector South (Perimeter),Perimeter Fence Line - Sector South,SEC-FENCE-S,2026-07-19,2026-07-23,COMPLETED,1.1.2.05.37
ACT-CIV-0238,Civil,"Wet hessian cloth wrapping and chemical curing compound application at DRAIN-CULV-01, Drainage Network",Plant Stormwater Main Culvert,DRAIN-CULV-01,2026-07-08,2026-07-16,COMPLETED,1.1.2.06.38
ACT-CIV-0239,Civil,Post-pour ultrasonic pulse velocity (UPV) and rebound hammer testing at Demineralized Water Storage Area (Water Treatment),Demineralized Water Storage Area,FND-DM-TK01,2026-07-18,2026-07-23,COMPLETED,1.1.2.07.39
ACT-CIV-0240,Civil,Formwork stripping and concrete honeycombing surface patch repair for FND-FW-TK01 at Firewater Reservoir Tank Pad,Firewater Reservoir Tank Pad,FND-FW-TK01,2026-07-14,2026-07-16,COMPLETED,1.1.2.08.40
ACT-CIV-0241,Civil,Construct reinforced concrete blast-resistant protection wall at Transformer Bay Blast Walls (Transformer Yard),Transformer Bay Blast Walls,WALL-BLAST-01,2026-07-24,2026-08-02,COMPLETED,1.1.2.09.41
ACT-CIV-0242,Civil,Pour monolithic concrete slab with power-float surface hardener finish for FND-RW-PIT01 at Raw Water Intake Pump Pit,Raw Water Intake Pump Pit,FND-RW-PIT01,2026-08-03,2026-08-08,DELAYED,1.1.2.10.42
ACT-CIV-0243,Civil,Install elastomeric ribbed waterstop seals at cold construction joints at Boiler Feedwater Treatment Shed (Utilities Zone),Boiler Feedwater Treatment Shed,BLDG-BFW-01,2026-07-16,2026-07-20,COMPLETED,1.1.2.11.43
ACT-CIV-0244,Civil,Tie bottom and top rebar mats for retaining bund wall foundation for FND-EDG-01 at Emergency Generator Enclosure Pad,Emergency Generator Enclosure Pad,FND-EDG-01,2026-07-26,2026-08-02,COMPLETED,1.1.2.12.44
ACT-CIV-0245,Civil,Self-compacting concrete (SCC) placement in dense rebar equipment base [Process Train A - Cracker Area],Process Train A - Cracker Area,FND-TK-101,2026-07-15,2026-07-17,COMPLETED,1.1.2.13.45
ACT-CIV-0246,Civil,"Concrete cube sampling and 7-day / 28-day compressive strength lab testing (FND-V-201, Process Train B - Reforming Unit)",Process Train B - Reforming Unit,FND-V-201,2026-07-18,2026-07-20,COMPLETED,1.1.2.14.46
ACT-CIV-0247,Civil,"Laying precast concrete trench units and fitting checkered steel cover plates at STR-PR-101, Rack Corridor",Main Pipe Rack Corridor - Grid A to G,STR-PR-101,2026-07-28,2026-08-04,COMPLETED,1.1.2.15.47
ACT-CIV-0248,Civil,"Erect primary structural steel columns and temporary guy-wire support (STR-PR-102, Main Pipe Rack Corridor - Grid H to M)",Main Pipe Rack Corridor - Grid H to M,STR-PR-102,2026-08-07,2026-08-16,IN_PROGRESS,1.1.3.01.48
ACT-CIV-0249,Civil,High-strength friction grip (HSFG) bolt tightening and torque check - Cooling Tower Basin Area (CT-BASIN-01),Cooling Tower Basin Area,CT-BASIN-01,2026-08-17,2026-08-25,IN_PROGRESS,1.1.3.02.49
ACT-CIV-0250,Civil,"Level and pressure-grout column base plates using non-shrink epoxy grout (BLDG-SS-01, Substation SS-01 Yard)",Substation SS-01 Yard,BLDG-SS-01,2026-08-27,2026-08-29,NOT_STARTED,1.1.3.03.50
ACT-MEC-0001,Mechanical,"Rig, crane hoist and set horizontal shell-and-tube heat exchanger onto saddle supports - Process Train A - HP Separation Unit (V-101)",Process Train A - HP Separation Unit,V-101,2026-07-11,2026-07-15,COMPLETED,2.2.1.01.01
ACT-MEC-0002,Mechanical,"Position centrifugal multi-stage crude pump and rough-align baseplate (K-102A, Process Train A - Booster Compression Bay)",Process Train A - Booster Compression Bay,K-102A,2026-07-21,2026-07-25,COMPLETED,2.2.1.02.02
ACT-MEC-0003,Mechanical,Precision laser alignment of motor-pump shaft coupling and thermal offset check - Process Train A - Booster Compression Standby (K-102B),Process Train A - Booster Compression Standby,K-102B,2026-08-07,2026-08-11,IN_PROGRESS,2.2.1.03.03
ACT-MEC-0004,Mechanical,"Dial indicator soft-foot measurement and precision stainless steel shimming (K-202A, Process Train B - LP Compression Bay)",Process Train B - LP Compression Bay,K-202A,2026-08-03,2026-08-08,COMPLETED,2.2.1.04.04
ACT-MEC-0005,Mechanical,"Uncrate, inspect internals, and mount reciprocating compressor cylinder heads - Process Train B - LP Compression Bay 2 (K-202B)",Process Train B - LP Compression Bay 2,K-202B,2026-08-20,2026-08-24,IN_PROGRESS,2.2.1.05.05
ACT-MEC-0006,Mechanical,"Install lube oil console, interconnecting SS tubing, and accumulator vessel (P-101A, Crude Charge Pump Station)",Crude Charge Pump Station,P-101A,2026-08-30,2026-09-04,NOT_STARTED,2.2.1.06.06
ACT-MEC-0007,Mechanical,"Cartridge mechanical seal installation and API seal flush piping hookup at P-101B, Pump Bay 1",Crude Charge Pump Station - Standby,P-101B,2026-08-19,2026-08-23,IN_PROGRESS,2.2.1.07.07
ACT-MEC-0008,Mechanical,"Rig and position modular chemical injection skid onto anchor foundations (P-201A/B, Boiler Feedwater Multi-Stage Pumps)",Boiler Feedwater Multi-Stage Pumps,P-201A/B,2026-07-18,2026-07-23,COMPLETED,2.2.1.08.08
ACT-MEC-0009,Mechanical,"Assemble air-cooled fin-fan cooler tube bundles, plenums, and belt drive pulleys - Cooling Water Circulation Station (CW-PUMP-02)",Cooling Water Circulation Station,CW-PUMP-02,2026-08-18,2026-08-28,IN_PROGRESS,2.2.1.09.09
ACT-MEC-0010,Mechanical,"Mount high-pressure suction pulsation dampener bottle on compressor nozzles (FW-PUMP-01, Fire Water Main Diesel Pump Skid)",Fire Water Main Diesel Pump Skid,FW-PUMP-01,2026-08-28,2026-08-30,NOT_STARTED,2.2.1.10.10
ACT-MEC-0011,Mechanical,Erect vertical contactor column vessel and plumb with optical transit - Main Pipe Rack Corridor - Tier 1 (PR-TIER-01),Main Pipe Rack Corridor - Tier 1,PR-TIER-01,2026-08-03,2026-08-08,DELAYED,2.2.1.11.11
ACT-MEC-0012,Mechanical,"Rig and erect pre-fabricated 12-inch carbon steel schedule 80 pipe spools (PR-TIER-02, Main Pipe Rack Corridor - Tier 2)",Main Pipe Rack Corridor - Tier 2,PR-TIER-02,2026-08-13,2026-08-20,DELAYED,2.2.2.01.12
ACT-MEC-0013,Mechanical,"Fit-up and full penetration butt weld on 8-inch stainless steel process line at E-201A/B, Exchanger Bank",Heat Exchanger Battery - South,E-201A/B,2026-08-23,2026-08-30,IN_PROGRESS,2.2.2.02.13
ACT-MEC-0014,Mechanical,GTAW root welding and low-hydrogen SMAW fill/cap on HP gas header line [Heat Exchanger Battery - North],Heat Exchanger Battery - North,E-202A/B,2026-08-12,2026-08-20,IN_PROGRESS,2.2.2.03.14
ACT-MEC-0015,Mechanical,"Install Class 600 gate, globe, and check isolation valves with spiral-wound gaskets - Air Cooled Fin-Fan Condenser Deck (AC-101)",Air Cooled Fin-Fan Condenser Deck,AC-101,2026-08-22,2026-08-25,DELAYED,2.2.2.04.15
ACT-MEC-0016,Mechanical,"Controlled cross-pattern torque tightening on 16-inch flange connection (ASME PCC-1) (MANIFOLD-TF01, Tank Farm Manifold Area)",Tank Farm Manifold Area,MANIFOLD-TF01,2026-09-01,2026-09-04,NOT_STARTED,2.2.2.05.16
ACT-MEC-0017,Mechanical,Install variable spring pipe hangers and set cold travel preset stops - Fuel Gas Conditioning Skid (SKID-FG-01),Fuel Gas Conditioning Skid,SKID-FG-01,2026-09-04,2026-09-09,DELAYED,2.2.2.06.17
ACT-MEC-0018,Mechanical,"Mount PTFE teflon sliding pipe shoes and structural guide clamps along rack tier (SKID-IA-01, Instrument Air & Nitrogen Generator Skid)",Instrument Air & Nitrogen Generator Skid,SKID-IA-01,2026-08-17,2026-08-23,DELAYED,2.2.2.07.18
ACT-MEC-0019,Mechanical,Pre-heating and post-weld heat treatment (PWHT) on heavy wall alloy spools - Effluent Treatment Clarifier Skid (ETP-SKID-01),Effluent Treatment Clarifier Skid,ETP-SKID-01,2026-09-03,2026-09-10,NOT_STARTED,2.2.2.08.19
ACT-MEC-0020,Mechanical,"100% Non-Destructive Testing (radiographic and magnetic particle) on field welds (V-401, Flare Knock-Out & Seal Drum Station)",Flare Knock-Out & Seal Drum Station,V-401,2026-09-13,2026-09-16,NOT_STARTED,2.2.2.09.20
ACT-MEC-0021,Mechanical,"Actuator mounting, stroke calibration and instrument air tubing connection - Slug Catcher Inlet Header (SLUG-CATCH-01)",Slug Catcher Inlet Header,SLUG-CATCH-01,2026-09-02,2026-09-05,NOT_STARTED,2.2.2.10.21
ACT-MEC-0022,Mechanical,"Route and clamp 1/2-inch stainless steel instrument tubing from orifice tapping (SKID-CHEM-01, Chemical Injection Package Area)",Chemical Injection Package Area,SKID-CHEM-01,2026-09-05,2026-09-10,NOT_STARTED,2.2.2.11.22
ACT-MEC-0023,Mechanical,Erect steam jacketed piping spools and connect thermal fluid jump-overs - Product Metering & Prover Loop Skids (SKID-METER-01),Product Metering & Prover Loop Skids,SKID-METER-01,2026-09-15,2026-09-22,NOT_STARTED,2.2.2.12.23
ACT-MEC-0024,Mechanical,"Hydrostatic pressure test on piping spool assembly at 1.5x design pressure (HDR-STM-01, Overhead Steam Distribution Header)",Overhead Steam Distribution Header,HDR-STM-01,2026-09-25,2026-10-01,NOT_STARTED,2.2.3.01.24
ACT-MEC-0025,Mechanical,Pneumatic line tightness leak test with nitrogen and soapy bubble solution - Amine Gas Sweetening Contactor Column (C-301),Amine Gas Sweetening Contactor Column,C-301,2026-10-05,2026-10-07,NOT_STARTED,2.2.3.02.25
ACT-MEC-0026,Mechanical,Chemical pickling and passivation of stainless steel lube oil circulation loop [Process Train A - HP Separation Unit],Process Train A - HP Separation Unit,V-101,2026-10-15,2026-10-19,NOT_STARTED,2.2.3.03.26
ACT-MEC-0027,Mechanical,High-velocity dry air blowing and particle witness cloth cleanliness inspection for K-102A at Process Train A - Booster Compression Bay,Process Train A - Booster Compression Bay,K-102A,2026-10-18,2026-10-21,NOT_STARTED,2.2.3.04.27
ACT-MEC-0028,Mechanical,"Fitting high-density rockwool / mineral wool insulation shells on steam headers at K-102B, Compression Area",Process Train A - Booster Compression Standby,K-102B,2026-10-07,2026-10-14,NOT_STARTED,2.2.3.05.28
ACT-MEC-0029,Mechanical,Wrap and rivet aluminum weatherproofing cladding jacketing over insulated spools for K-202A at Process Train B - LP Compression Bay,Process Train B - LP Compression Bay,K-202A,2026-10-17,2026-10-25,NOT_STARTED,2.2.3.06.29
ACT-MEC-0030,Mechanical,Apply cellular glass cold insulation and vapor barrier mastic on chilled piping at Process Train B - LP Compression Bay 2 (Compression Area),Process Train B - LP Compression Bay 2,K-202B,2026-10-20,2026-10-23,NOT_STARTED,2.2.3.07.30
ACT-MEC-0031,Mechanical,Flange insulation kit (dielectric gasket & sleeves) installation for cathodic protection - Crude Charge Pump Station - Standby (P-101B),Crude Charge Pump Station - Standby,P-101B,2026-10-02,2026-10-04,NOT_STARTED,2.2.3.08.31
ACT-MEC-0032,Mechanical,"Rig, crane hoist and set horizontal shell-and-tube heat exchanger onto saddle supports (P-201A/B, Boiler Feedwater Multi-Stage Pumps)",Boiler Feedwater Multi-Stage Pumps,P-201A/B,2026-07-20,2026-07-25,COMPLETED,2.2.1.01.32
ACT-MEC-0033,Mechanical,Position centrifugal multi-stage crude pump and rough-align baseplate - Cooling Water Circulation Station (CW-PUMP-02),Cooling Water Circulation Station,CW-PUMP-02,2026-07-30,2026-08-04,DELAYED,2.2.1.02.33
ACT-MEC-0034,Mechanical,"Precision laser alignment of motor-pump shaft coupling and thermal offset check (FW-PUMP-01, Fire Water Main Diesel Pump Skid)",Fire Water Main Diesel Pump Skid,FW-PUMP-01,2026-08-16,2026-08-21,IN_PROGRESS,2.2.1.03.34
ACT-MEC-0035,Mechanical,Soft-foot dial gauge check and inserting SS316 precision shims under machine feet [Main Pipe Rack Corridor - Tier 1],Main Pipe Rack Corridor - Tier 1,PR-TIER-01,2026-07-22,2026-07-24,COMPLETED,2.2.1.04.35
ACT-MEC-0036,Mechanical,"Uncrate, inspect internals, and mount reciprocating compressor cylinder heads (PR-TIER-02, Main Pipe Rack Corridor - Tier 2)",Main Pipe Rack Corridor - Tier 2,PR-TIER-02,2026-08-08,2026-08-13,DELAYED,2.2.1.05.36
ACT-MEC-0037,Mechanical,"Install lube oil console, interconnecting SS tubing, and accumulator vessel - Heat Exchanger Battery - South (E-201A/B)",Heat Exchanger Battery - South,E-201A/B,2026-08-18,2026-08-24,IN_PROGRESS,2.2.1.06.37
ACT-MEC-0038,Mechanical,"Fit mechanical cartridge seals and connect dual pressurized barrier fluid piping (E-202A/B, Heat Exchanger Battery - North)",Heat Exchanger Battery - North,E-202A/B,2026-08-28,2026-09-02,NOT_STARTED,2.2.1.07.38
ACT-MEC-0039,Mechanical,Rigging and mounting modular chemical injection package on concrete plinth - Air Cooled Fin-Fan Condenser Deck (AC-101),Air Cooled Fin-Fan Condenser Deck,AC-101,2026-07-27,2026-08-02,COMPLETED,2.2.1.08.39
ACT-MEC-0040,Mechanical,"Assemble air-cooled fin-fan cooler tube bundles, plenums, and belt drive pulleys (MANIFOLD-TF01, Tank Farm Manifold Area)",Tank Farm Manifold Area,MANIFOLD-TF01,2026-08-27,2026-09-02,NOT_STARTED,2.2.1.09.40
ACT-MEC-0041,Mechanical,Mount high-pressure suction pulsation dampener bottle on compressor nozzles - Fuel Gas Conditioning Skid (SKID-FG-01),Fuel Gas Conditioning Skid,SKID-FG-01,2026-09-06,2026-09-09,NOT_STARTED,2.2.1.10.41
ACT-MEC-0042,Mechanical,Hoisting vertical column vessel and checking verticality with theodolite - Instrument Air & Nitrogen Generator Skid (SKID-IA-01),Instrument Air & Nitrogen Generator Skid,SKID-IA-01,2026-07-22,2026-07-28,COMPLETED,2.2.1.11.42
ACT-MEC-0043,Mechanical,Rig and erect pre-fabricated 12-inch carbon steel schedule 80 pipe spools - Effluent Treatment Clarifier Skid (ETP-SKID-01),Effluent Treatment Clarifier Skid,ETP-SKID-01,2026-08-01,2026-08-09,COMPLETED,2.2.2.01.43
ACT-MEC-0044,Mechanical,"Field fit-up and butt-weld 8-inch stainless steel 316L discharge piping (V-401, Flare Knock-Out & Seal Drum Station)",Flare Knock-Out & Seal Drum Station,V-401,2026-08-11,2026-08-19,IN_PROGRESS,2.2.2.02.44
ACT-MEC-0045,Mechanical,TIG root pass and SMAW capping on high-pressure gas header weld joints - Slug Catcher Inlet Header (SLUG-CATCH-01),Slug Catcher Inlet Header,SLUG-CATCH-01,2026-08-21,2026-08-25,DELAYED,2.2.2.03.45
ACT-MEC-0046,Mechanical,"Install Class 600 gate, globe, and check isolation valves with spiral-wound gaskets (SKID-CHEM-01, Chemical Injection Package Area)",Chemical Injection Package Area,SKID-CHEM-01,2026-08-31,2026-09-04,NOT_STARTED,2.2.2.04.46
ACT-MEC-0047,Mechanical,Controlled cross-pattern torque tightening on 16-inch flange connection (ASME PCC-1) - Product Metering & Prover Loop Skids (SKID-METER-01),Product Metering & Prover Loop Skids,SKID-METER-01,2026-09-10,2026-09-14,NOT_STARTED,2.2.2.05.47
ACT-MEC-0048,Mechanical,"Install variable spring pipe hangers and set cold travel preset stops (HDR-STM-01, Overhead Steam Distribution Header)",Overhead Steam Distribution Header,HDR-STM-01,2026-09-13,2026-09-19,NOT_STARTED,2.2.2.06.48
ACT-MEC-0049,Mechanical,"Installing Teflon-lined pipe shoes and steel pipe guides across rack beams at C-301, Treating Unit",Amine Gas Sweetening Contactor Column,C-301,2026-08-05,2026-08-12,IN_PROGRESS,2.2.2.07.49
ACT-MEC-0050,Mechanical,Pre-heating and post-weld heat treatment (PWHT) on heavy wall alloy spools at Process Train A - HP Separation Unit (Process Area 1),Process Train A - HP Separation Unit,V-101,2026-08-22,2026-08-25,DELAYED,2.2.2.08.50
ACT-MEC-0051,Mechanical,100% Non-Destructive Testing (radiographic and magnetic particle) on field welds for K-102A at Process Train A - Booster Compression Bay,Process Train A - Booster Compression Bay,K-102A,2026-09-01,2026-09-05,DELAYED,2.2.2.09.01
ACT-MEC-0052,Mechanical,"Mounting air diaphragm actuator on control valve body and bending air tubing at K-102B, Compression Area",Process Train A - Booster Compression Standby,K-102B,2026-09-11,2026-09-15,NOT_STARTED,2.2.2.10.02
ACT-MEC-0053,Mechanical,Route and clamp 1/2-inch stainless steel instrument tubing from orifice tapping for K-202A at Process Train B - LP Compression Bay,Process Train B - LP Compression Bay,K-202A,2026-09-14,2026-09-20,NOT_STARTED,2.2.2.11.03
ACT-MEC-0054,Mechanical,Erect steam jacketed piping spools and connect thermal fluid jump-overs at Process Train B - LP Compression Bay 2 (Compression Area),Process Train B - LP Compression Bay 2,K-202B,2026-09-24,2026-10-02,NOT_STARTED,2.2.2.12.04
ACT-MEC-0055,Mechanical,Hydrostatic pressure test on piping spool assembly at 1.5x design pressure for P-101A at Crude Charge Pump Station,Crude Charge Pump Station,P-101A,2026-10-04,2026-10-06,NOT_STARTED,2.2.3.01.05
ACT-MEC-0056,Mechanical,Nitrogen gas leak test and bubble inspection on all mechanical flange joints [Crude Charge Pump Station - Standby],Crude Charge Pump Station - Standby,P-101B,2026-09-23,2026-09-25,NOT_STARTED,2.2.3.02.06
ACT-MEC-0057,Mechanical,"Chemical cleaning, degreasing, and citric acid passivation of lube oil lines for P-201A/B at Boiler Feedwater Multi-Stage Pumps",Boiler Feedwater Multi-Stage Pumps,P-201A/B,2026-10-03,2026-10-08,NOT_STARTED,2.2.3.03.07
ACT-MEC-0058,Mechanical,High-velocity dry air blowing and particle witness cloth cleanliness inspection at Cooling Water Circulation Station (Utilities Pump Station),Cooling Water Circulation Station,CW-PUMP-02,2026-10-06,2026-10-10,NOT_STARTED,2.2.3.04.08
ACT-MEC-0059,Mechanical,Install mineral wool preformed thermal insulation on high-temperature steam line for FW-PUMP-01 at Fire Water Main Diesel Pump Skid,Fire Water Main Diesel Pump Skid,FW-PUMP-01,2026-10-16,2026-10-24,NOT_STARTED,2.2.3.05.09
ACT-MEC-0060,Mechanical,Wrap and rivet aluminum weatherproofing cladding jacketing over insulated spools at Main Pipe Rack Corridor - Tier 1 (Rack Corridor),Main Pipe Rack Corridor - Tier 1,PR-TIER-01,2026-10-26,2026-10-30,NOT_STARTED,2.2.3.06.10
ACT-MEC-0061,Mechanical,Apply cellular glass cold insulation and vapor barrier mastic on chilled piping for PR-TIER-02 at Main Pipe Rack Corridor - Tier 2,Main Pipe Rack Corridor - Tier 2,PR-TIER-02,2026-10-29,2026-11-02,NOT_STARTED,2.2.3.07.11
ACT-MEC-0062,Mechanical,"Flange insulation kit (dielectric gasket & sleeves) installation for cathodic protection (E-202A/B, Heat Exchanger Battery - North)",Heat Exchanger Battery - North,E-202A/B,2026-10-11,2026-10-14,NOT_STARTED,2.2.3.08.12
ACT-MEC-0063,Mechanical,Rigging and placement of shell-and-tube heat exchanger on support pedestals - Air Cooled Fin-Fan Condenser Deck (AC-101),Air Cooled Fin-Fan Condenser Deck,AC-101,2026-07-08,2026-07-14,COMPLETED,2.2.1.01.13
ACT-MEC-0064,Mechanical,"Position centrifugal multi-stage crude pump and rough-align baseplate (MANIFOLD-TF01, Tank Farm Manifold Area)",Tank Farm Manifold Area,MANIFOLD-TF01,2026-07-18,2026-07-24,COMPLETED,2.2.1.02.14
ACT-MEC-0065,Mechanical,Dual-beam laser shaft alignment and thermal growth offset calibration on pump-motor [Fuel Gas Conditioning Skid],Fuel Gas Conditioning Skid,SKID-FG-01,2026-08-04,2026-08-06,COMPLETED,2.2.1.03.15
ACT-MEC-0066,Mechanical,"Dial indicator soft-foot measurement and precision stainless steel shimming (SKID-IA-01, Instrument Air & Nitrogen Generator Skid)",Instrument Air & Nitrogen Generator Skid,SKID-IA-01,2026-07-31,2026-08-02,DELAYED,2.2.1.04.16
ACT-MEC-0067,Mechanical,"Uncrate, inspect internals, and mount reciprocating compressor cylinder heads - Effluent Treatment Clarifier Skid (ETP-SKID-01)",Effluent Treatment Clarifier Skid,ETP-SKID-01,2026-08-17,2026-08-23,IN_PROGRESS,2.2.1.05.17
ACT-MEC-0068,Mechanical,"Install lube oil console, interconnecting SS tubing, and accumulator vessel (V-401, Flare Knock-Out & Seal Drum Station)",Flare Knock-Out & Seal Drum Station,V-401,2026-08-27,2026-09-03,DELAYED,2.2.1.06.18
ACT-MEC-0069,Mechanical,Fit mechanical cartridge seals and connect dual pressurized barrier fluid piping - Slug Catcher Inlet Header (SLUG-CATCH-01),Slug Catcher Inlet Header,SLUG-CATCH-01,2026-09-06,2026-09-12,NOT_STARTED,2.2.1.07.19
ACT-MEC-0070,Mechanical,"Crane positioning of chemical injection module and anchor bolt securing at SKID-CHEM-01, Dosing Skid",Chemical Injection Package Area,SKID-CHEM-01,2026-07-15,2026-07-17,COMPLETED,2.2.1.08.20
ACT-MEC-0071,Mechanical,"Assemble air-cooled fin-fan cooler tube bundles, plenums, and belt drive pulleys - Product Metering & Prover Loop Skids (SKID-METER-01)",Product Metering & Prover Loop Skids,SKID-METER-01,2026-08-15,2026-08-22,IN_PROGRESS,2.2.1.09.21
ACT-MEC-0072,Mechanical,"Mount high-pressure suction pulsation dampener bottle on compressor nozzles (HDR-STM-01, Overhead Steam Distribution Header)",Overhead Steam Distribution Header,HDR-STM-01,2026-08-25,2026-08-29,COMPLETED,2.2.1.10.22
ACT-MEC-0073,Mechanical,Erect vertical contactor column vessel and plumb with optical transit - Amine Gas Sweetening Contactor Column (C-301),Amine Gas Sweetening Contactor Column,C-301,2026-07-31,2026-08-07,COMPLETED,2.2.1.11.23
ACT-MEC-0074,Mechanical,Rig and erect pre-fabricated 12-inch carbon steel schedule 80 pipe spools at Process Train A - HP Separation Unit (Process Area 1),Process Train A - HP Separation Unit,V-101,2026-08-10,2026-08-19,IN_PROGRESS,2.2.2.01.24
ACT-MEC-0075,Mechanical,Field fit-up and butt-weld 8-inch stainless steel 316L discharge piping for K-102A at Process Train A - Booster Compression Bay,Process Train A - Booster Compression Bay,K-102A,2026-08-20,2026-08-24,IN_PROGRESS,2.2.2.02.25
ACT-MEC-0076,Mechanical,TIG root pass and SMAW capping on high-pressure gas header weld joints at Process Train A - Booster Compression Standby (Compression Area),Process Train A - Booster Compression Standby,K-102B,2026-08-30,2026-09-04,NOT_STARTED,2.2.2.03.26
ACT-MEC-0077,Mechanical,Mounting flanged process valves (Class 600) with fresh spiral wound gaskets [Process Train B - LP Compression Bay],Process Train B - LP Compression Bay,K-202A,2026-08-19,2026-08-24,IN_PROGRESS,2.2.2.04.27
ACT-MEC-0078,Mechanical,Hydraulic torque tightening of 16-inch raised face flange to PCC-1 guidelines - Process Train B - LP Compression Bay 2 (K-202B),Process Train B - LP Compression Bay 2,K-202B,2026-08-29,2026-09-03,NOT_STARTED,2.2.2.05.28
ACT-MEC-0079,Mechanical,Install variable spring pipe hangers and set cold travel preset stops for P-101A at Crude Charge Pump Station,Crude Charge Pump Station,P-101A,2026-09-01,2026-09-08,NOT_STARTED,2.2.2.06.29
ACT-MEC-0080,Mechanical,Mount PTFE teflon sliding pipe shoes and structural guide clamps along rack tier at Crude Charge Pump Station - Standby (Pump Bay 1),Crude Charge Pump Station - Standby,P-101B,2026-08-14,2026-08-17,IN_PROGRESS,2.2.2.07.30
ACT-MEC-0081,Mechanical,Pre-heating and post-weld heat treatment (PWHT) on heavy wall alloy spools for P-201A/B at Boiler Feedwater Multi-Stage Pumps,Boiler Feedwater Multi-Stage Pumps,P-201A/B,2026-08-31,2026-09-04,NOT_STARTED,2.2.2.08.31
ACT-MEC-0082,Mechanical,100% Non-Destructive Testing (radiographic and magnetic particle) on field welds at Cooling Water Circulation Station (Utilities Pump Station),Cooling Water Circulation Station,CW-PUMP-02,2026-09-10,2026-09-15,NOT_STARTED,2.2.2.09.32
ACT-MEC-0083,Mechanical,Install pneumatic control valve diaphragm actuator and hook up instrument air lines for FW-PUMP-01 at Fire Water Main Diesel Pump Skid,Fire Water Main Diesel Pump Skid,FW-PUMP-01,2026-09-20,2026-09-25,NOT_STARTED,2.2.2.10.33
ACT-MEC-0084,Mechanical,Running 1/2-inch seamless SS instrument impulse tubing to differential transmitter - Main Pipe Rack Corridor - Tier 1 (PR-TIER-01),Main Pipe Rack Corridor - Tier 1,PR-TIER-01,2026-09-02,2026-09-09,NOT_STARTED,2.2.2.11.34
ACT-MEC-0085,Mechanical,Erect steam jacketed piping spools and connect thermal fluid jump-overs for PR-TIER-02 at Main Pipe Rack Corridor - Tier 2,Main Pipe Rack Corridor - Tier 2,PR-TIER-02,2026-09-12,2026-09-16,DELAYED,2.2.2.12.35
ACT-MEC-0086,Mechanical,Hydrostatic pressure test on piping spool assembly at 1.5x design pressure at Heat Exchanger Battery - South (Exchanger Bank),Heat Exchanger Battery - South,E-201A/B,2026-09-22,2026-09-25,NOT_STARTED,2.2.3.01.36
ACT-MEC-0087,Mechanical,Pneumatic line tightness leak test with nitrogen and soapy bubble solution for E-202A/B at Heat Exchanger Battery - North,Heat Exchanger Battery - North,E-202A/B,2026-10-02,2026-10-05,NOT_STARTED,2.2.3.02.37
ACT-MEC-0088,Mechanical,"Chemical cleaning, degreasing, and citric acid passivation of lube oil lines at Air Cooled Fin-Fan Condenser Deck (Top Deck Structure)",Air Cooled Fin-Fan Condenser Deck,AC-101,2026-10-12,2026-10-18,NOT_STARTED,2.2.3.03.38
ACT-MEC-0089,Mechanical,High-velocity dry air blowing and particle witness cloth cleanliness inspection for MANIFOLD-TF01 at Tank Farm Manifold Area,Tank Farm Manifold Area,MANIFOLD-TF01,2026-10-15,2026-10-20,NOT_STARTED,2.2.3.04.39
ACT-MEC-0090,Mechanical,Install mineral wool preformed thermal insulation on high-temperature steam line at Fuel Gas Conditioning Skid (Fuel Gas Area),Fuel Gas Conditioning Skid,SKID-FG-01,2026-10-25,2026-10-29,NOT_STARTED,2.2.3.05.40
ACT-MEC-0091,Mechanical,"Banding embossed aluminum sheet cladding and sealing jacketing overlaps at SKID-IA-01, Air Separation Unit",Instrument Air & Nitrogen Generator Skid,SKID-IA-01,2026-10-14,2026-10-19,NOT_STARTED,2.2.3.06.41
ACT-MEC-0092,Mechanical,Apply cellular glass cold insulation and vapor barrier mastic on chilled piping at Effluent Treatment Clarifier Skid (Offsites),Effluent Treatment Clarifier Skid,ETP-SKID-01,2026-10-17,2026-10-22,NOT_STARTED,2.2.3.07.42
ACT-MEC-0093,Mechanical,Flange insulation kit (dielectric gasket & sleeves) installation for cathodic protection - Slug Catcher Inlet Header (SLUG-CATCH-01),Slug Catcher Inlet Header,SLUG-CATCH-01,2026-09-29,2026-10-03,NOT_STARTED,2.2.3.08.43
ACT-MEC-0094,Mechanical,"Rig, crane hoist and set horizontal shell-and-tube heat exchanger onto saddle supports (SKID-CHEM-01, Chemical Injection Package Area)",Chemical Injection Package Area,SKID-CHEM-01,2026-07-17,2026-07-24,COMPLETED,2.2.1.01.44
ACT-MEC-0095,Mechanical,Position centrifugal multi-stage crude pump and rough-align baseplate - Product Metering & Prover Loop Skids (SKID-METER-01),Product Metering & Prover Loop Skids,SKID-METER-01,2026-07-27,2026-07-29,COMPLETED,2.2.1.02.45
ACT-MEC-0096,Mechanical,"Precision laser alignment of motor-pump shaft coupling and thermal offset check (HDR-STM-01, Overhead Steam Distribution Header)",Overhead Steam Distribution Header,HDR-STM-01,2026-08-13,2026-08-15,DELAYED,2.2.1.03.46
ACT-MEC-0097,Mechanical,Dial indicator soft-foot measurement and precision stainless steel shimming - Amine Gas Sweetening Contactor Column (C-301),Amine Gas Sweetening Contactor Column,C-301,2026-08-09,2026-08-12,IN_PROGRESS,2.2.1.04.47
ACT-MEC-0098,Mechanical,Mounting reciprocating compressor heads and torquing tie rods to spec [Process Train A - HP Separation Unit],Process Train A - HP Separation Unit,V-101,2026-08-05,2026-08-12,IN_PROGRESS,2.2.1.05.48
ACT-MEC-0099,Mechanical,"Install lube oil console, interconnecting SS tubing, and accumulator vessel for K-102A at Process Train A - Booster Compression Bay",Process Train A - Booster Compression Bay,K-102A,2026-08-15,2026-08-23,IN_PROGRESS,2.2.1.06.49
ACT-MEC-0100,Mechanical,Fit mechanical cartridge seals and connect dual pressurized barrier fluid piping at Process Train A - Booster Compression Standby (Compression Area),Process Train A - Booster Compression Standby,K-102B,2026-08-25,2026-08-27,DELAYED,2.2.1.07.50
ACT-MEC-0101,Mechanical,Rig and position modular chemical injection skid onto anchor foundations for K-202A at Process Train B - LP Compression Bay,Process Train B - LP Compression Bay,K-202A,2026-07-24,2026-07-27,COMPLETED,2.2.1.08.01
ACT-MEC-0102,Mechanical,"Assemble air-cooled fin-fan cooler tube bundles, plenums, and belt drive pulleys at Process Train B - LP Compression Bay 2 (Compression Area)",Process Train B - LP Compression Bay 2,K-202B,2026-08-24,2026-09-01,IN_PROGRESS,2.2.1.09.02
ACT-MEC-0103,Mechanical,Mount high-pressure suction pulsation dampener bottle on compressor nozzles for P-101A at Crude Charge Pump Station,Crude Charge Pump Station,P-101A,2026-09-03,2026-09-08,NOT_STARTED,2.2.1.10.03
ACT-MEC-0104,Mechanical,Hoisting vertical column vessel and checking verticality with theodolite [Crude Charge Pump Station - Standby],Crude Charge Pump Station - Standby,P-101B,2026-08-09,2026-08-17,IN_PROGRESS,2.2.1.11.04
ACT-MEC-0105,Mechanical,Erecting heavy 12-inch schedule 80 carbon steel spools along main pipe bridge - Boiler Feedwater Multi-Stage Pumps (P-201A/B),Boiler Feedwater Multi-Stage Pumps,P-201A/B,2026-07-29,2026-08-03,COMPLETED,2.2.2.01.05
ACT-MEC-0106,Mechanical,Field fit-up and butt-weld 8-inch stainless steel 316L discharge piping at Cooling Water Circulation Station (Utilities Pump Station),Cooling Water Circulation Station,CW-PUMP-02,2026-08-08,2026-08-13,IN_PROGRESS,2.2.2.02.06
ACT-MEC-0107,Mechanical,TIG root pass and SMAW capping on high-pressure gas header weld joints for FW-PUMP-01 at Fire Water Main Diesel Pump Skid,Fire Water Main Diesel Pump Skid,FW-PUMP-01,2026-08-18,2026-08-24,IN_PROGRESS,2.2.2.03.07
ACT-MEC-0108,Mechanical,"Install Class 600 gate, globe, and check isolation valves with spiral-wound gaskets at Main Pipe Rack Corridor - Tier 1 (Rack Corridor)",Main Pipe Rack Corridor - Tier 1,PR-TIER-01,2026-08-28,2026-09-03,NOT_STARTED,2.2.2.04.08
ACT-MEC-0109,Mechanical,Controlled cross-pattern torque tightening on 16-inch flange connection (ASME PCC-1) for PR-TIER-02 at Main Pipe Rack Corridor - Tier 2,Main Pipe Rack Corridor - Tier 2,PR-TIER-02,2026-09-07,2026-09-13,NOT_STARTED,2.2.2.05.09
ACT-MEC-0110,Mechanical,Install variable spring pipe hangers and set cold travel preset stops at Heat Exchanger Battery - South (Exchanger Bank),Heat Exchanger Battery - South,E-201A/B,2026-09-10,2026-09-13,NOT_STARTED,2.2.2.06.10
ACT-MEC-0111,Mechanical,Mount PTFE teflon sliding pipe shoes and structural guide clamps along rack tier for E-202A/B at Heat Exchanger Battery - North,Heat Exchanger Battery - North,E-202A/B,2026-08-23,2026-08-27,IN_PROGRESS,2.2.2.07.11
ACT-MEC-0112,Mechanical,"Induction heating pre-heat and ceramic pad PWHT cycle on heavy wall P91/P11 spools at AC-101, Top Deck Structure",Air Cooled Fin-Fan Condenser Deck,AC-101,2026-08-19,2026-08-24,IN_PROGRESS,2.2.2.08.12
ACT-MEC-0113,Mechanical,100% Non-Destructive Testing (radiographic and magnetic particle) on field welds for MANIFOLD-TF01 at Tank Farm Manifold Area,Tank Farm Manifold Area,MANIFOLD-TF01,2026-08-29,2026-09-04,NOT_STARTED,2.2.2.09.13
ACT-MEC-0114,Mechanical,Install pneumatic control valve diaphragm actuator and hook up instrument air lines at Fuel Gas Conditioning Skid (Fuel Gas Area),Fuel Gas Conditioning Skid,SKID-FG-01,2026-09-08,2026-09-14,NOT_STARTED,2.2.2.10.14
ACT-MEC-0115,Mechanical,Route and clamp 1/2-inch stainless steel instrument tubing from orifice tapping for SKID-IA-01 at Instrument Air & Nitrogen Generator Skid,Instrument Air & Nitrogen Generator Skid,SKID-IA-01,2026-09-11,2026-09-14,NOT_STARTED,2.2.2.11.15
ACT-MEC-0116,Mechanical,Erect steam jacketed piping spools and connect thermal fluid jump-overs at Effluent Treatment Clarifier Skid (Offsites),Effluent Treatment Clarifier Skid,ETP-SKID-01,2026-09-21,2026-09-26,NOT_STARTED,2.2.2.12.16
ACT-MEC-0117,Mechanical,Conducting 1.5x design pressure water hydrotest and checking for pressure drops - Flare Knock-Out & Seal Drum Station (V-401),Flare Knock-Out & Seal Drum Station,V-401,2026-10-01,2026-10-05,NOT_STARTED,2.2.3.01.17
ACT-MEC-0118,Mechanical,Pneumatic line tightness leak test with nitrogen and soapy bubble solution at Slug Catcher Inlet Header (Inlet Receiving),Slug Catcher Inlet Header,SLUG-CATCH-01,2026-10-11,2026-10-15,NOT_STARTED,2.2.3.02.18
ACT-MEC-0119,Mechanical,Chemical pickling and passivation of stainless steel lube oil circulation loop [Chemical Injection Package Area],Chemical Injection Package Area,SKID-CHEM-01,2026-09-30,2026-10-07,DELAYED,2.2.3.03.19
ACT-MEC-0120,Mechanical,High-velocity dry air blowing and particle witness cloth cleanliness inspection at Product Metering & Prover Loop Skids (Metering Station),Product Metering & Prover Loop Skids,SKID-METER-01,2026-10-03,2026-10-05,NOT_STARTED,2.2.3.04.20
ACT-MEC-0121,Mechanical,Install mineral wool preformed thermal insulation on high-temperature steam line for HDR-STM-01 at Overhead Steam Distribution Header,Overhead Steam Distribution Header,HDR-STM-01,2026-10-13,2026-10-18,NOT_STARTED,2.2.3.05.21
ACT-MEC-0122,Mechanical,Wrap and rivet aluminum weatherproofing cladding jacketing over insulated spools at Amine Gas Sweetening Contactor Column (Treating Unit),Amine Gas Sweetening Contactor Column,C-301,2026-10-23,2026-10-29,NOT_STARTED,2.2.3.06.22
ACT-MEC-0123,Mechanical,"Apply cellular glass cold insulation and vapor barrier mastic on chilled piping (V-101, Process Train A - HP Separation Unit)",Process Train A - HP Separation Unit,V-101,2026-10-26,2026-11-01,NOT_STARTED,2.2.3.07.23
ACT-MEC-0124,Mechanical,Flange insulation kit (dielectric gasket & sleeves) installation for cathodic protection at Process Train A - Booster Compression Standby (Compression Area),Process Train A - Booster Compression Standby,K-102B,2026-10-08,2026-10-13,NOT_STARTED,2.2.3.08.24
ACT-MEC-0125,Mechanical,"Rig, crane hoist and set horizontal shell-and-tube heat exchanger onto saddle supports for K-202A at Process Train B - LP Compression Bay",Process Train B - LP Compression Bay,K-202A,2026-07-26,2026-07-29,COMPLETED,2.2.1.01.25
ACT-MEC-0126,Mechanical,"Centrifugal pump skid rigging, positioning and initial level adjustment - Process Train B - LP Compression Bay 2 (K-202B)",Process Train B - LP Compression Bay 2,K-202B,2026-07-15,2026-07-18,COMPLETED,2.2.1.02.26
ACT-MEC-0127,Mechanical,Precision laser alignment of motor-pump shaft coupling and thermal offset check for P-101A at Crude Charge Pump Station,Crude Charge Pump Station,P-101A,2026-08-01,2026-08-04,COMPLETED,2.2.1.03.27
ACT-MEC-0128,Mechanical,Dial indicator soft-foot measurement and precision stainless steel shimming at Crude Charge Pump Station - Standby (Pump Bay 1),Crude Charge Pump Station - Standby,P-101B,2026-07-28,2026-08-01,COMPLETED,2.2.1.04.28
ACT-MEC-0129,Mechanical,"Uncrate, inspect internals, and mount reciprocating compressor cylinder heads for P-201A/B at Boiler Feedwater Multi-Stage Pumps",Boiler Feedwater Multi-Stage Pumps,P-201A/B,2026-08-14,2026-08-22,IN_PROGRESS,2.2.1.05.29
ACT-MEC-0130,Mechanical,"Rigging lube oil reservoir unit, running SS tubing and tying in bladder accumulator at CW-PUMP-02, Utilities Pump Station",Cooling Water Circulation Station,CW-PUMP-02,2026-08-24,2026-08-28,DELAYED,2.2.1.06.30
ACT-MEC-0131,Mechanical,Fit mechanical cartridge seals and connect dual pressurized barrier fluid piping for FW-PUMP-01 at Fire Water Main Diesel Pump Skid,Fire Water Main Diesel Pump Skid,FW-PUMP-01,2026-09-03,2026-09-06,NOT_STARTED,2.2.1.07.31
ACT-MEC-0132,Mechanical,Rig and position modular chemical injection skid onto anchor foundations at Main Pipe Rack Corridor - Tier 1 (Rack Corridor),Main Pipe Rack Corridor - Tier 1,PR-TIER-01,2026-08-02,2026-08-06,DELAYED,2.2.1.08.32
ACT-MEC-0133,Mechanical,"Erecting fin-fan cooler heat transfer bundles, fan plenum rings and V-belts at PR-TIER-02, Rack Corridor",Main Pipe Rack Corridor - Tier 2,PR-TIER-02,2026-08-12,2026-08-21,IN_PROGRESS,2.2.1.09.33
ACT-MEC-0134,Mechanical,Mount high-pressure suction pulsation dampener bottle on compressor nozzles at Heat Exchanger Battery - South (Exchanger Bank),Heat Exchanger Battery - South,E-201A/B,2026-08-22,2026-08-28,IN_PROGRESS,2.2.1.10.34
ACT-MEC-0135,Mechanical,Erect vertical contactor column vessel and plumb with optical transit for E-202A/B at Heat Exchanger Battery - North,Heat Exchanger Battery - North,E-202A/B,2026-07-28,2026-08-01,COMPLETED,2.2.1.11.35
ACT-MEC-0136,Mechanical,Rig and erect pre-fabricated 12-inch carbon steel schedule 80 pipe spools at Air Cooled Fin-Fan Condenser Deck (Top Deck Structure),Air Cooled Fin-Fan Condenser Deck,AC-101,2026-08-07,2026-08-13,IN_PROGRESS,2.2.2.01.36
ACT-MEC-0137,Mechanical,Field fit-up and butt-weld 8-inch stainless steel 316L discharge piping for MANIFOLD-TF01 at Tank Farm Manifold Area,Tank Farm Manifold Area,MANIFOLD-TF01,2026-08-17,2026-08-23,IN_PROGRESS,2.2.2.02.37
ACT-MEC-0138,Mechanical,TIG root pass and SMAW capping on high-pressure gas header weld joints at Fuel Gas Conditioning Skid (Fuel Gas Area),Fuel Gas Conditioning Skid,SKID-FG-01,2026-08-27,2026-09-03,NOT_STARTED,2.2.2.03.38
ACT-MEC-0139,Mechanical,"Install Class 600 gate, globe, and check isolation valves with spiral-wound gaskets for SKID-IA-01 at Instrument Air & Nitrogen Generator Skid",Instrument Air & Nitrogen Generator Skid,SKID-IA-01,2026-09-06,2026-09-13,NOT_STARTED,2.2.2.04.39
ACT-MEC-0140,Mechanical,Tightening 16-inch flange bolts with calibrated torque equipment per ASME PCC-1 [Effluent Treatment Clarifier Skid],Effluent Treatment Clarifier Skid,ETP-SKID-01,2026-08-26,2026-08-28,NOT_STARTED,2.2.2.05.40
ACT-MEC-0141,Mechanical,Install variable spring pipe hangers and set cold travel preset stops for V-401 at Flare Knock-Out & Seal Drum Station,Flare Knock-Out & Seal Drum Station,V-401,2026-08-29,2026-09-02,NOT_STARTED,2.2.2.06.41
ACT-MEC-0142,Mechanical,Mount PTFE teflon sliding pipe shoes and structural guide clamps along rack tier at Slug Catcher Inlet Header (Inlet Receiving),Slug Catcher Inlet Header,SLUG-CATCH-01,2026-08-11,2026-08-16,IN_PROGRESS,2.2.2.07.42
ACT-MEC-0143,Mechanical,Post-weld heat treatment (PWHT) and temperature chart recording on alloy piping [Chemical Injection Package Area],Chemical Injection Package Area,SKID-CHEM-01,2026-08-28,2026-09-03,NOT_STARTED,2.2.2.08.43
ACT-MEC-0144,Mechanical,100% Non-Destructive Testing (radiographic and magnetic particle) on field welds at Product Metering & Prover Loop Skids (Metering Station),Product Metering & Prover Loop Skids,SKID-METER-01,2026-09-07,2026-09-14,NOT_STARTED,2.2.2.09.44
ACT-MEC-0145,Mechanical,Install pneumatic control valve diaphragm actuator and hook up instrument air lines for HDR-STM-01 at Overhead Steam Distribution Header,Overhead Steam Distribution Header,HDR-STM-01,2026-09-17,2026-09-19,NOT_STARTED,2.2.2.10.45
ACT-MEC-0146,Mechanical,Route and clamp 1/2-inch stainless steel instrument tubing from orifice tapping at Amine Gas Sweetening Contactor Column (Treating Unit),Amine Gas Sweetening Contactor Column,C-301,2026-09-20,2026-09-24,NOT_STARTED,2.2.2.11.46
ACT-MEC-0147,Mechanical,Fitting double-wall steam jacketed pipe spools and welding jumper lines - Process Train A - HP Separation Unit (V-101),Process Train A - HP Separation Unit,V-101,2026-09-09,2026-09-15,NOT_STARTED,2.2.2.12.47
ACT-MEC-0148,Mechanical,Hydrostatic pressure test on piping spool assembly at 1.5x design pressure - Process Train A - Booster Compression Bay (K-102A),Process Train A - Booster Compression Bay,K-102A,2026-09-19,2026-09-24,NOT_STARTED,2.2.3.01.48
ACT-MEC-0149,Mechanical,"Pneumatic line tightness leak test with nitrogen and soapy bubble solution (K-102B, Process Train A - Booster Compression Standby)",Process Train A - Booster Compression Standby,K-102B,2026-09-29,2026-10-04,NOT_STARTED,2.2.3.02.49
ACT-MEC-0150,Mechanical,"Chemical cleaning, degreasing, and citric acid passivation of lube oil lines - Process Train B - LP Compression Bay (K-202A)",Process Train B - LP Compression Bay,K-202A,2026-10-09,2026-10-12,NOT_STARTED,2.2.3.03.50
ACT-MEC-0151,Mechanical,"High-velocity dry air blowing and particle witness cloth cleanliness inspection (K-202B, Process Train B - LP Compression Bay 2)",Process Train B - LP Compression Bay 2,K-202B,2026-10-12,2026-10-14,NOT_STARTED,2.2.3.04.01
ACT-MEC-0152,Mechanical,Install mineral wool preformed thermal insulation on high-temperature steam line - Crude Charge Pump Station (P-101A),Crude Charge Pump Station,P-101A,2026-10-22,2026-10-28,NOT_STARTED,2.2.3.05.02
ACT-MEC-0153,Mechanical,"Wrap and rivet aluminum weatherproofing cladding jacketing over insulated spools (P-101B, Crude Charge Pump Station - Standby)",Crude Charge Pump Station - Standby,P-101B,2026-11-01,2026-11-08,DELAYED,2.2.3.06.03
ACT-MEC-0154,Mechanical,"Installing rigid cellular glass insulation and multi-coat vapor barrier coating at P-201A/B, Pump Bay 2",Boiler Feedwater Multi-Stage Pumps,P-201A/B,2026-10-14,2026-10-21,NOT_STARTED,2.2.3.07.04
ACT-MEC-0155,Mechanical,Flange insulation kit (dielectric gasket & sleeves) installation for cathodic protection for FW-PUMP-01 at Fire Water Main Diesel Pump Skid,Fire Water Main Diesel Pump Skid,FW-PUMP-01,2026-09-26,2026-09-28,NOT_STARTED,2.2.3.08.05
ACT-MEC-0156,Mechanical,Hoisting horizontal heat exchanger vessel and landing on foundation pads - Main Pipe Rack Corridor - Tier 1 (PR-TIER-01),Main Pipe Rack Corridor - Tier 1,PR-TIER-01,2026-07-14,2026-07-18,COMPLETED,2.2.1.01.06
ACT-MEC-0157,Mechanical,Position centrifugal multi-stage crude pump and rough-align baseplate for PR-TIER-02 at Main Pipe Rack Corridor - Tier 2,Main Pipe Rack Corridor - Tier 2,PR-TIER-02,2026-07-24,2026-07-28,COMPLETED,2.2.1.02.07
ACT-MEC-0158,Mechanical,Precision laser alignment of motor-pump shaft coupling and thermal offset check at Heat Exchanger Battery - South (Exchanger Bank),Heat Exchanger Battery - South,E-201A/B,2026-08-10,2026-08-14,IN_PROGRESS,2.2.1.03.08
ACT-MEC-0159,Mechanical,Dial indicator soft-foot measurement and precision stainless steel shimming for E-202A/B at Heat Exchanger Battery - North,Heat Exchanger Battery - North,E-202A/B,2026-08-06,2026-08-11,IN_PROGRESS,2.2.1.04.09
ACT-MEC-0160,Mechanical,"Uncrate, inspect internals, and mount reciprocating compressor cylinder heads at Air Cooled Fin-Fan Condenser Deck (Top Deck Structure)",Air Cooled Fin-Fan Condenser Deck,AC-101,2026-08-23,2026-08-27,DELAYED,2.2.1.05.10
ACT-MEC-0161,Mechanical,"Installing auxiliary lube oil system skid, tubing runs and accumulator pot [Tank Farm Manifold Area]",Tank Farm Manifold Area,MANIFOLD-TF01,2026-08-12,2026-08-17,IN_PROGRESS,2.2.1.06.11
ACT-MEC-0162,Mechanical,Fit mechanical cartridge seals and connect dual pressurized barrier fluid piping at Fuel Gas Conditioning Skid (Fuel Gas Area),Fuel Gas Conditioning Skid,SKID-FG-01,2026-08-22,2026-08-26,IN_PROGRESS,2.2.1.07.12
ACT-MEC-0163,Mechanical,Rig and position modular chemical injection skid onto anchor foundations for SKID-IA-01 at Instrument Air & Nitrogen Generator Skid,Instrument Air & Nitrogen Generator Skid,SKID-IA-01,2026-07-21,2026-07-26,COMPLETED,2.2.1.08.13
ACT-MEC-0164,Mechanical,"Assemble air-cooled fin-fan cooler tube bundles, plenums, and belt drive pulleys at Effluent Treatment Clarifier Skid (Offsites)",Effluent Treatment Clarifier Skid,ETP-SKID-01,2026-08-21,2026-08-31,COMPLETED,2.2.1.09.14
ACT-MEC-0165,Mechanical,Mount high-pressure suction pulsation dampener bottle on compressor nozzles for V-401 at Flare Knock-Out & Seal Drum Station,Flare Knock-Out & Seal Drum Station,V-401,2026-08-31,2026-09-02,NOT_STARTED,2.2.1.10.15
ACT-MEC-0166,Mechanical,Erect vertical contactor column vessel and plumb with optical transit at Slug Catcher Inlet Header (Inlet Receiving),Slug Catcher Inlet Header,SLUG-CATCH-01,2026-08-06,2026-08-11,IN_PROGRESS,2.2.1.11.16
ACT-MEC-0167,Mechanical,Rig and erect pre-fabricated 12-inch carbon steel schedule 80 pipe spools for SKID-CHEM-01 at Chemical Injection Package Area,Chemical Injection Package Area,SKID-CHEM-01,2026-08-16,2026-08-23,IN_PROGRESS,2.2.2.01.17
ACT-MEC-0168,Mechanical,Fit-up and full penetration butt weld on 8-inch stainless steel process line - Product Metering & Prover Loop Skids (SKID-METER-01),Product Metering & Prover Loop Skids,SKID-METER-01,2026-08-05,2026-08-12,DELAYED,2.2.2.02.18
ACT-MEC-0169,Mechanical,"GTAW root welding and low-hydrogen SMAW fill/cap on HP gas header line at HDR-STM-01, Steam Network",Overhead Steam Distribution Header,HDR-STM-01,2026-08-15,2026-08-23,IN_PROGRESS,2.2.2.03.19
ACT-MEC-0170,Mechanical,"Install Class 600 gate, globe, and check isolation valves with spiral-wound gaskets at Amine Gas Sweetening Contactor Column (Treating Unit)",Amine Gas Sweetening Contactor Column,C-301,2026-08-25,2026-08-28,DELAYED,2.2.2.04.20
ACT-MEC-0171,Mechanical,"Controlled cross-pattern torque tightening on 16-inch flange connection (ASME PCC-1) (V-101, Process Train A - HP Separation Unit)",Process Train A - HP Separation Unit,V-101,2026-09-04,2026-09-07,NOT_STARTED,2.2.2.05.21
ACT-MEC-0172,Mechanical,Install variable spring pipe hangers and set cold travel preset stops - Process Train A - Booster Compression Bay (K-102A),Process Train A - Booster Compression Bay,K-102A,2026-09-07,2026-09-12,NOT_STARTED,2.2.2.06.22
ACT-MEC-0173,Mechanical,"Mount PTFE teflon sliding pipe shoes and structural guide clamps along rack tier (K-102B, Process Train A - Booster Compression Standby)",Process Train A - Booster Compression Standby,K-102B,2026-08-20,2026-08-26,IN_PROGRESS,2.2.2.07.23
ACT-MEC-0174,Mechanical,Pre-heating and post-weld heat treatment (PWHT) on heavy wall alloy spools - Process Train B - LP Compression Bay (K-202A),Process Train B - LP Compression Bay,K-202A,2026-09-06,2026-09-13,NOT_STARTED,2.2.2.08.24
ACT-MEC-0175,Mechanical,"Performing 100% X-ray / gamma NDT and magnetic crack testing on field girth welds at K-202B, Compression Area",Process Train B - LP Compression Bay 2,K-202B,2026-08-26,2026-08-29,NOT_STARTED,2.2.2.09.25
ACT-MEC-0176,Mechanical,Install pneumatic control valve diaphragm actuator and hook up instrument air lines - Crude Charge Pump Station (P-101A),Crude Charge Pump Station,P-101A,2026-09-05,2026-09-08,NOT_STARTED,2.2.2.10.26
ACT-MEC-0177,Mechanical,"Route and clamp 1/2-inch stainless steel instrument tubing from orifice tapping (P-101B, Crude Charge Pump Station - Standby)",Crude Charge Pump Station - Standby,P-101B,2026-09-08,2026-09-13,NOT_STARTED,2.2.2.11.27
ACT-MEC-0178,Mechanical,Erect steam jacketed piping spools and connect thermal fluid jump-overs - Boiler Feedwater Multi-Stage Pumps (P-201A/B),Boiler Feedwater Multi-Stage Pumps,P-201A/B,2026-09-18,2026-09-25,NOT_STARTED,2.2.2.12.28
ACT-MEC-0179,Mechanical,"Hydrostatic pressure test on piping spool assembly at 1.5x design pressure (CW-PUMP-02, Cooling Water Circulation Station)",Cooling Water Circulation Station,CW-PUMP-02,2026-09-28,2026-10-04,NOT_STARTED,2.2.3.01.29
ACT-MEC-0180,Mechanical,Pneumatic line tightness leak test with nitrogen and soapy bubble solution - Fire Water Main Diesel Pump Skid (FW-PUMP-01),Fire Water Main Diesel Pump Skid,FW-PUMP-01,2026-10-08,2026-10-10,NOT_STARTED,2.2.3.02.30
ACT-MEC-0181,Mechanical,"Chemical cleaning, degreasing, and citric acid passivation of lube oil lines (PR-TIER-01, Main Pipe Rack Corridor - Tier 1)",Main Pipe Rack Corridor - Tier 1,PR-TIER-01,2026-10-18,2026-10-22,NOT_STARTED,2.2.3.03.31
ACT-MEC-0182,Mechanical,High-speed air purging of process header with white witness flannel check [Main Pipe Rack Corridor - Tier 2],Main Pipe Rack Corridor - Tier 2,PR-TIER-02,2026-09-30,2026-10-03,NOT_STARTED,2.2.3.04.32
ACT-MEC-0183,Mechanical,"Install mineral wool preformed thermal insulation on high-temperature steam line (E-201A/B, Heat Exchanger Battery - South)",Heat Exchanger Battery - South,E-201A/B,2026-10-10,2026-10-17,NOT_STARTED,2.2.3.05.33
ACT-MEC-0184,Mechanical,Wrap and rivet aluminum weatherproofing cladding jacketing over insulated spools - Heat Exchanger Battery - North (E-202A/B),Heat Exchanger Battery - North,E-202A/B,2026-10-20,2026-10-28,NOT_STARTED,2.2.3.06.34
ACT-MEC-0185,Mechanical,"Apply cellular glass cold insulation and vapor barrier mastic on chilled piping (AC-101, Air Cooled Fin-Fan Condenser Deck)",Air Cooled Fin-Fan Condenser Deck,AC-101,2026-10-23,2026-10-26,NOT_STARTED,2.2.3.07.35
ACT-MEC-0186,Mechanical,Flange insulation kit (dielectric gasket & sleeves) installation for cathodic protection at Fuel Gas Conditioning Skid (Fuel Gas Area),Fuel Gas Conditioning Skid,SKID-FG-01,2026-10-05,2026-10-07,NOT_STARTED,2.2.3.08.36
ACT-MEC-0187,Mechanical,"Rig, crane hoist and set horizontal shell-and-tube heat exchanger onto saddle supports for SKID-IA-01 at Instrument Air & Nitrogen Generator Skid",Instrument Air & Nitrogen Generator Skid,SKID-IA-01,2026-07-23,2026-07-28,DELAYED,2.2.1.01.37
ACT-MEC-0188,Mechanical,Position centrifugal multi-stage crude pump and rough-align baseplate at Effluent Treatment Clarifier Skid (Offsites),Effluent Treatment Clarifier Skid,ETP-SKID-01,2026-08-02,2026-08-07,COMPLETED,2.2.1.02.38
ACT-MEC-0189,Mechanical,Laser coupling alignment and dial gauge runout check on rotating drive shaft - Flare Knock-Out & Seal Drum Station (V-401),Flare Knock-Out & Seal Drum Station,V-401,2026-07-29,2026-08-03,COMPLETED,2.2.1.03.39
ACT-MEC-0190,Mechanical,Dial indicator soft-foot measurement and precision stainless steel shimming at Slug Catcher Inlet Header (Inlet Receiving),Slug Catcher Inlet Header,SLUG-CATCH-01,2026-07-25,2026-07-27,COMPLETED,2.2.1.04.40
ACT-MEC-0191,Mechanical,"Uncrate, inspect internals, and mount reciprocating compressor cylinder heads for SKID-CHEM-01 at Chemical Injection Package Area",Chemical Injection Package Area,SKID-CHEM-01,2026-08-11,2026-08-16,IN_PROGRESS,2.2.1.05.41
ACT-MEC-0192,Mechanical,"Install lube oil console, interconnecting SS tubing, and accumulator vessel at Product Metering & Prover Loop Skids (Metering Station)",Product Metering & Prover Loop Skids,SKID-METER-01,2026-08-21,2026-08-27,COMPLETED,2.2.1.06.42
ACT-MEC-0193,Mechanical,Fit mechanical cartridge seals and connect dual pressurized barrier fluid piping for HDR-STM-01 at Overhead Steam Distribution Header,Overhead Steam Distribution Header,HDR-STM-01,2026-08-31,2026-09-05,NOT_STARTED,2.2.1.07.43
ACT-MEC-0194,Mechanical,Rig and position modular chemical injection skid onto anchor foundations at Amine Gas Sweetening Contactor Column (Treating Unit),Amine Gas Sweetening Contactor Column,C-301,2026-07-30,2026-08-05,COMPLETED,2.2.1.08.44
ACT-MEC-0195,Mechanical,"Erecting fin-fan cooler heat transfer bundles, fan plenum rings and V-belts - Process Train A - HP Separation Unit (V-101)",Process Train A - HP Separation Unit,V-101,2026-08-30,2026-09-05,NOT_STARTED,2.2.1.09.45
ACT-MEC-0196,Mechanical,"Installing gas pulsation dampener vessel on reciprocating compressor cylinder at K-102A, Compression Area",Process Train A - Booster Compression Bay,K-102A,2026-08-19,2026-08-22,IN_PROGRESS,2.2.1.10.46
ACT-MEC-0197,Mechanical,"Erect vertical contactor column vessel and plumb with optical transit (K-102B, Process Train A - Booster Compression Standby)",Process Train A - Booster Compression Standby,K-102B,2026-07-25,2026-07-31,COMPLETED,2.2.1.11.47
ACT-MEC-0198,Mechanical,Rig and erect pre-fabricated 12-inch carbon steel schedule 80 pipe spools - Process Train B - LP Compression Bay (K-202A),Process Train B - LP Compression Bay,K-202A,2026-08-04,2026-08-12,DELAYED,2.2.2.01.48
ACT-MEC-0199,Mechanical,"Field fit-up and butt-weld 8-inch stainless steel 316L discharge piping (K-202B, Process Train B - LP Compression Bay 2)",Process Train B - LP Compression Bay 2,K-202B,2026-08-14,2026-08-22,IN_PROGRESS,2.2.2.02.49
ACT-MEC-0200,Mechanical,TIG root pass and SMAW capping on high-pressure gas header weld joints - Crude Charge Pump Station (P-101A),Crude Charge Pump Station,P-101A,2026-08-24,2026-08-28,DELAYED,2.2.2.03.50
ACT-MEC-0201,Mechanical,"Install Class 600 gate, globe, and check isolation valves with spiral-wound gaskets (P-101B, Crude Charge Pump Station - Standby)",Crude Charge Pump Station - Standby,P-101B,2026-09-03,2026-09-07,NOT_STARTED,2.2.2.04.01
ACT-MEC-0202,Mechanical,Controlled cross-pattern torque tightening on 16-inch flange connection (ASME PCC-1) - Boiler Feedwater Multi-Stage Pumps (P-201A/B),Boiler Feedwater Multi-Stage Pumps,P-201A/B,2026-09-13,2026-09-17,NOT_STARTED,2.2.2.05.02
ACT-MEC-0203,Mechanical,Mounting spring hanger assemblies and calibrating cold design position stops [Cooling Water Circulation Station],Cooling Water Circulation Station,CW-PUMP-02,2026-08-26,2026-09-01,NOT_STARTED,2.2.2.06.03
ACT-MEC-0204,Mechanical,Mount PTFE teflon sliding pipe shoes and structural guide clamps along rack tier - Fire Water Main Diesel Pump Skid (FW-PUMP-01),Fire Water Main Diesel Pump Skid,FW-PUMP-01,2026-08-08,2026-08-15,DELAYED,2.2.2.07.04
ACT-MEC-0205,Mechanical,"Pre-heating and post-weld heat treatment (PWHT) on heavy wall alloy spools (PR-TIER-01, Main Pipe Rack Corridor - Tier 1)",Main Pipe Rack Corridor - Tier 1,PR-TIER-01,2026-08-25,2026-08-28,DELAYED,2.2.2.08.05
ACT-MEC-0206,Mechanical,100% Non-Destructive Testing (radiographic and magnetic particle) on field welds - Main Pipe Rack Corridor - Tier 2 (PR-TIER-02),Main Pipe Rack Corridor - Tier 2,PR-TIER-02,2026-09-04,2026-09-08,NOT_STARTED,2.2.2.09.06
ACT-MEC-0207,Mechanical,"Install pneumatic control valve diaphragm actuator and hook up instrument air lines (E-201A/B, Heat Exchanger Battery - South)",Heat Exchanger Battery - South,E-201A/B,2026-09-14,2026-09-18,NOT_STARTED,2.2.2.10.07
ACT-MEC-0208,Mechanical,"Installing and clamping 1/2"" instrument tubing runs from primary tap root valves at E-202A/B, Exchanger Bank",Heat Exchanger Battery - North,E-202A/B,2026-09-17,2026-09-23,NOT_STARTED,2.2.2.11.08
ACT-MEC-0209,Mechanical,"Erect steam jacketed piping spools and connect thermal fluid jump-overs (AC-101, Air Cooled Fin-Fan Condenser Deck)",Air Cooled Fin-Fan Condenser Deck,AC-101,2026-09-27,2026-10-05,NOT_STARTED,2.2.2.12.09
ACT-MEC-0210,Mechanical,Hydro-testing piping test loop to 150% rated design pressure with 2-hr hold - Tank Farm Manifold Area (MANIFOLD-TF01),Tank Farm Manifold Area,MANIFOLD-TF01,2026-09-16,2026-09-18,NOT_STARTED,2.2.3.01.10
ACT-MEC-0211,Mechanical,"Pneumatic line tightness leak test with nitrogen and soapy bubble solution (SKID-FG-01, Fuel Gas Conditioning Skid)",Fuel Gas Conditioning Skid,SKID-FG-01,2026-09-26,2026-09-28,NOT_STARTED,2.2.3.02.11
ACT-MEC-0212,Mechanical,"Chemical cleaning, degreasing, and citric acid passivation of lube oil lines - Instrument Air & Nitrogen Generator Skid (SKID-IA-01)",Instrument Air & Nitrogen Generator Skid,SKID-IA-01,2026-10-06,2026-10-11,NOT_STARTED,2.2.3.03.12
ACT-MEC-0213,Mechanical,"High-velocity dry air blowing and particle witness cloth cleanliness inspection (ETP-SKID-01, Effluent Treatment Clarifier Skid)",Effluent Treatment Clarifier Skid,ETP-SKID-01,2026-10-09,2026-10-13,NOT_STARTED,2.2.3.04.13
ACT-MEC-0214,Mechanical,Install mineral wool preformed thermal insulation on high-temperature steam line - Flare Knock-Out & Seal Drum Station (V-401),Flare Knock-Out & Seal Drum Station,V-401,2026-10-19,2026-10-27,NOT_STARTED,2.2.3.05.14
ACT-MEC-0215,Mechanical,"Wrap and rivet aluminum weatherproofing cladding jacketing over insulated spools (SLUG-CATCH-01, Slug Catcher Inlet Header)",Slug Catcher Inlet Header,SLUG-CATCH-01,2026-10-29,2026-11-02,NOT_STARTED,2.2.3.06.15
ACT-MEC-0216,Mechanical,Apply cellular glass cold insulation and vapor barrier mastic on chilled piping - Chemical Injection Package Area (SKID-CHEM-01),Chemical Injection Package Area,SKID-CHEM-01,2026-11-01,2026-11-05,NOT_STARTED,2.2.3.07.16
ACT-MEC-0217,Mechanical,"Fitting dielectric isolation gasket, insulating sleeves and washers on flange at HDR-STM-01, Steam Network",Overhead Steam Distribution Header,HDR-STM-01,2026-09-23,2026-09-26,NOT_STARTED,2.2.3.08.17
ACT-MEC-0218,Mechanical,"Rig, crane hoist and set horizontal shell-and-tube heat exchanger onto saddle supports at Amine Gas Sweetening Contactor Column (Treating Unit)",Amine Gas Sweetening Contactor Column,C-301,2026-07-11,2026-07-17,COMPLETED,2.2.1.01.18
ACT-MEC-0219,Mechanical,"Position centrifugal multi-stage crude pump and rough-align baseplate (V-101, Process Train A - HP Separation Unit)",Process Train A - HP Separation Unit,V-101,2026-07-21,2026-07-27,COMPLETED,2.2.1.02.19
ACT-MEC-0220,Mechanical,Precision laser alignment of motor-pump shaft coupling and thermal offset check - Process Train A - Booster Compression Bay (K-102A),Process Train A - Booster Compression Bay,K-102A,2026-08-07,2026-08-09,DELAYED,2.2.1.03.20
ACT-MEC-0221,Mechanical,Measuring equipment foot coplanarity with dial indicators and shimming [Process Train A - Booster Compression Standby],Process Train A - Booster Compression Standby,K-102B,2026-08-03,2026-08-05,COMPLETED,2.2.1.04.21
ACT-MEC-0222,Mechanical,"Uncrate, inspect internals, and mount reciprocating compressor cylinder heads - Process Train B - LP Compression Bay (K-202A)",Process Train B - LP Compression Bay,K-202A,2026-08-20,2026-08-26,IN_PROGRESS,2.2.1.05.22
ACT-MEC-0223,Mechanical,"Install lube oil console, interconnecting SS tubing, and accumulator vessel (K-202B, Process Train B - LP Compression Bay 2)",Process Train B - LP Compression Bay 2,K-202B,2026-08-30,2026-09-06,NOT_STARTED,2.2.1.06.23
ACT-MEC-0224,Mechanical,Cartridge mechanical seal installation and API seal flush piping hookup [Crude Charge Pump Station],Crude Charge Pump Station,P-101A,2026-08-19,2026-08-25,COMPLETED,2.2.1.07.24
ACT-MEC-0225,Mechanical,"Rig and position modular chemical injection skid onto anchor foundations (P-101B, Crude Charge Pump Station - Standby)",Crude Charge Pump Station - Standby,P-101B,2026-07-18,2026-07-20,COMPLETED,2.2.1.08.25
ACT-MEC-0226,Mechanical,"Assemble air-cooled fin-fan cooler tube bundles, plenums, and belt drive pulleys - Boiler Feedwater Multi-Stage Pumps (P-201A/B)",Boiler Feedwater Multi-Stage Pumps,P-201A/B,2026-08-18,2026-08-25,IN_PROGRESS,2.2.1.09.26
ACT-MEC-0227,Mechanical,"Mount high-pressure suction pulsation dampener bottle on compressor nozzles (CW-PUMP-02, Cooling Water Circulation Station)",Cooling Water Circulation Station,CW-PUMP-02,2026-08-28,2026-09-01,NOT_STARTED,2.2.1.10.27
ACT-MEC-0228,Mechanical,Erect vertical contactor column vessel and plumb with optical transit - Fire Water Main Diesel Pump Skid (FW-PUMP-01),Fire Water Main Diesel Pump Skid,FW-PUMP-01,2026-08-03,2026-08-10,COMPLETED,2.2.1.11.28
ACT-MEC-0229,Mechanical,"Rig and erect pre-fabricated 12-inch carbon steel schedule 80 pipe spools (PR-TIER-01, Main Pipe Rack Corridor - Tier 1)",Main Pipe Rack Corridor - Tier 1,PR-TIER-01,2026-08-13,2026-08-22,IN_PROGRESS,2.2.2.01.29
ACT-MEC-0230,Mechanical,Field fit-up and butt-weld 8-inch stainless steel 316L discharge piping - Main Pipe Rack Corridor - Tier 2 (PR-TIER-02),Main Pipe Rack Corridor - Tier 2,PR-TIER-02,2026-08-23,2026-08-27,DELAYED,2.2.2.02.30
ACT-MEC-0231,Mechanical,GTAW root welding and low-hydrogen SMAW fill/cap on HP gas header line - Heat Exchanger Battery - South (E-201A/B),Heat Exchanger Battery - South,E-201A/B,2026-08-12,2026-08-17,IN_PROGRESS,2.2.2.03.31
ACT-MEC-0232,Mechanical,"Install Class 600 gate, globe, and check isolation valves with spiral-wound gaskets - Heat Exchanger Battery - North (E-202A/B)",Heat Exchanger Battery - North,E-202A/B,2026-08-22,2026-08-27,COMPLETED,2.2.2.04.32
ACT-MEC-0233,Mechanical,"Controlled cross-pattern torque tightening on 16-inch flange connection (ASME PCC-1) (AC-101, Air Cooled Fin-Fan Condenser Deck)",Air Cooled Fin-Fan Condenser Deck,AC-101,2026-09-01,2026-09-06,NOT_STARTED,2.2.2.05.33
ACT-MEC-0234,Mechanical,Hanging variable load spring pipe supports and locking cold travel stop pins - Tank Farm Manifold Area (MANIFOLD-TF01),Tank Farm Manifold Area,MANIFOLD-TF01,2026-09-04,2026-09-11,NOT_STARTED,2.2.2.06.34
ACT-MEC-0235,Mechanical,"Mount PTFE teflon sliding pipe shoes and structural guide clamps along rack tier (SKID-FG-01, Fuel Gas Conditioning Skid)",Fuel Gas Conditioning Skid,SKID-FG-01,2026-08-17,2026-08-20,IN_PROGRESS,2.2.2.07.35
ACT-MEC-0236,Mechanical,Pre-heating and post-weld heat treatment (PWHT) on heavy wall alloy spools - Instrument Air & Nitrogen Generator Skid (SKID-IA-01),Instrument Air & Nitrogen Generator Skid,SKID-IA-01,2026-09-03,2026-09-07,NOT_STARTED,2.2.2.08.36
ACT-MEC-0237,Mechanical,"100% Non-Destructive Testing (radiographic and magnetic particle) on field welds (ETP-SKID-01, Effluent Treatment Clarifier Skid)",Effluent Treatment Clarifier Skid,ETP-SKID-01,2026-09-13,2026-09-18,NOT_STARTED,2.2.2.09.37
ACT-MEC-0238,Mechanical,"Actuator mounting, stroke calibration and instrument air tubing connection at V-401, Flare Area",Flare Knock-Out & Seal Drum Station,V-401,2026-09-02,2026-09-07,DELAYED,2.2.2.10.38
ACT-MEC-0239,Mechanical,"Route and clamp 1/2-inch stainless steel instrument tubing from orifice tapping (SLUG-CATCH-01, Slug Catcher Inlet Header)",Slug Catcher Inlet Header,SLUG-CATCH-01,2026-09-05,2026-09-12,NOT_STARTED,2.2.2.11.39
ACT-MEC-0240,Mechanical,Erect steam jacketed piping spools and connect thermal fluid jump-overs - Chemical Injection Package Area (SKID-CHEM-01),Chemical Injection Package Area,SKID-CHEM-01,2026-09-15,2026-09-19,NOT_STARTED,2.2.2.12.40
ACT-MEC-0241,Mechanical,"Hydrostatic pressure test on piping spool assembly at 1.5x design pressure (SKID-METER-01, Product Metering & Prover Loop Skids)",Product Metering & Prover Loop Skids,SKID-METER-01,2026-09-25,2026-09-28,NOT_STARTED,2.2.3.01.41
ACT-MEC-0242,Mechanical,Pneumatic line tightness leak test with nitrogen and soapy bubble solution - Overhead Steam Distribution Header (HDR-STM-01),Overhead Steam Distribution Header,HDR-STM-01,2026-10-05,2026-10-08,NOT_STARTED,2.2.3.02.42
ACT-MEC-0243,Mechanical,"Chemical cleaning, degreasing, and citric acid passivation of lube oil lines (C-301, Amine Gas Sweetening Contactor Column)",Amine Gas Sweetening Contactor Column,C-301,2026-10-15,2026-10-21,NOT_STARTED,2.2.3.03.43
ACT-MEC-0244,Mechanical,High-velocity dry air blowing and particle witness cloth cleanliness inspection for V-101 at Process Train A - HP Separation Unit,Process Train A - HP Separation Unit,V-101,2026-10-18,2026-10-23,NOT_STARTED,2.2.3.04.44
ACT-MEC-0245,Mechanical,Fitting high-density rockwool / mineral wool insulation shells on steam headers [Process Train A - Booster Compression Bay],Process Train A - Booster Compression Bay,K-102A,2026-10-07,2026-10-11,NOT_STARTED,2.2.3.05.45
ACT-MEC-0246,Mechanical,Wrap and rivet aluminum weatherproofing cladding jacketing over insulated spools for K-102B at Process Train A - Booster Compression Standby,Process Train A - Booster Compression Standby,K-102B,2026-10-17,2026-10-22,NOT_STARTED,2.2.3.06.46
ACT-MEC-0247,Mechanical,"Cellular glass cryogenic insulation install with zero-permeance vapor seal at K-202A, Compression Area",Process Train B - LP Compression Bay,K-202A,2026-10-20,2026-10-25,NOT_STARTED,2.2.3.07.47
ACT-MEC-0248,Mechanical,Flange insulation kit (dielectric gasket & sleeves) installation for cathodic protection - Crude Charge Pump Station (P-101A),Crude Charge Pump Station,P-101A,2026-10-02,2026-10-06,NOT_STARTED,2.2.3.08.48
ACT-MEC-0249,Mechanical,"Rig, crane hoist and set horizontal shell-and-tube heat exchanger onto saddle supports (P-101B, Crude Charge Pump Station - Standby)",Crude Charge Pump Station - Standby,P-101B,2026-07-20,2026-07-27,COMPLETED,2.2.1.01.49
ACT-MEC-0250,Mechanical,Position centrifugal multi-stage crude pump and rough-align baseplate - Boiler Feedwater Multi-Stage Pumps (P-201A/B),Boiler Feedwater Multi-Stage Pumps,P-201A/B,2026-07-30,2026-08-01,COMPLETED,2.2.1.02.50
ACT-ELE-0001,Electrical,Install heavy-duty perforated galvanized steel cable trays (450mm width) - Main Substation 33kV Switchgear Room (SWG-33KV-01),Main Substation 33kV Switchgear Room,SWG-33KV-01,2026-07-25,2026-07-31,COMPLETED,3.3.1.01.01
ACT-ELE-0002,Electrical,"Erect vertical ladder cable trays and weld structural support brackets (SWG-11KV-01, Main Substation 11kV Switchgear Room)",Main Substation 11kV Switchgear Room,SWG-11KV-01,2026-08-04,2026-08-10,COMPLETED,3.3.1.02.02
ACT-ELE-0003,Electrical,"Bend, thread and mount rigid galvanized steel (RGS) conduit runs - Motor Control Center Room - MCC-01 (MCC-TRAIN-A)",Motor Control Center Room - MCC-01,MCC-TRAIN-A,2026-08-14,2026-08-21,IN_PROGRESS,3.3.1.03.03
ACT-ELE-0004,Electrical,"Install explosion-proof Class 1 Div 2 junction boxes and Chico compound seal fittings (MCC-TRAIN-B, Motor Control Center Room - MCC-02)",Motor Control Center Room - MCC-02,MCC-TRAIN-B,2026-08-24,2026-08-31,COMPLETED,3.3.1.04.04
ACT-ELE-0005,Electrical,Apply certified intumescent firestop mortar and pillows at cable wall penetrations - Outdoor Transformer Yard - TR-01 Bay (XFMR-33-11KV-01),Outdoor Transformer Yard - TR-01 Bay,XFMR-33-11KV-01,2026-09-17,2026-09-19,NOT_STARTED,3.3.1.05.05
ACT-ELE-0006,Electrical,"Mount heavy stainless steel cable cleats and strapping on vertical riser tray runs (XFMR-11-0.4KV-01, Outdoor Transformer Yard - TR-02 Bay)",Outdoor Transformer Yard - TR-02 Bay,XFMR-11-0.4KV-01,2026-09-06,2026-09-10,NOT_STARTED,3.3.1.06.06
ACT-ELE-0007,Electrical,"Pulling 33kV 3-core 240 sq mm MV armored cable through concrete duct bank at UPS-BAT-ROOM, CCR Annex",Central Control Room - UPS & Battery Room,UPS-BAT-ROOM,2026-08-19,2026-08-26,IN_PROGRESS,3.3.2.01.07
ACT-ELE-0008,Electrical,"Pull 4-core 95 sq mm 415V low voltage power feed to motor control panel (FAR-01, Field Auxiliary Room (FAR-01))",Field Auxiliary Room (FAR-01),FAR-01,2026-08-29,2026-09-04,NOT_STARTED,3.3.2.02.08
ACT-ELE-0009,Electrical,Pull multi-pair overall screened signal instrumentation cable to DCS rack - Field Auxiliary Room (FAR-02) (FAR-02),Field Auxiliary Room (FAR-02),FAR-02,2026-09-08,2026-09-16,NOT_STARTED,3.3.2.03.09
ACT-ELE-0010,Electrical,"Cable dressing, stripping outer sheath and glanding using double-compression glands (LCP-COMP-01, Compressor Local Control Panel Area)",Compressor Local Control Panel Area,LCP-COMP-01,2026-09-18,2026-09-22,NOT_STARTED,3.3.2.04.10
ACT-ELE-0011,Electrical,Crimp tinned copper lugs onto power conductors using hydraulic crimping tool - Process Train A - Cable Trench Corridor (TRNCH-ELEC-01),Process Train A - Cable Trench Corridor,TRNCH-ELEC-01,2026-09-21,2026-09-24,NOT_STARTED,3.3.2.05.11
ACT-ELE-0012,Electrical,"Terminate power leads and control wiring onto terminal strips inside MCC breaker cubicle (TRNCH-ELEC-02, Process Train B - Cable Trench Corridor)",Process Train B - Cable Trench Corridor,TRNCH-ELEC-02,2026-10-01,2026-10-06,NOT_STARTED,3.3.2.06.12
ACT-ELE-0013,Electrical,"Making off 33kV high voltage stress cone cold shrink terminations on XLPE cable at TRAY-RACK-01, Rack Corridor",Pipe Rack Cable Tray Level - Top Tier,TRAY-RACK-01,2026-10-04,2026-10-09,NOT_STARTED,3.3.2.07.13
ACT-ELE-0014,Electrical,Conducting loop continuity ring-out and cross-checking wire sleeve ferrule tags [Tank Farm Lighting & Earthing Perimeter],Tank Farm Lighting & Earthing Perimeter,ELEC-TF-01,2026-09-23,2026-09-29,NOT_STARTED,3.3.2.08.14
ACT-ELE-0015,Electrical,Terminate emergency trip push button interconnecting loop cable to ESD panel - Cooling Water MCC Sub-Station (MCC-CW-01),Cooling Water MCC Sub-Station,MCC-CW-01,2026-09-26,2026-09-28,NOT_STARTED,3.3.2.09.15
ACT-ELE-0016,Electrical,"Pull DC battery backup supply cables from rack to UPS inverter cabinet (ELEC-GANTRY-01, Product Dispatch Gantry Area)",Product Dispatch Gantry Area,ELEC-GANTRY-01,2026-09-15,2026-09-18,NOT_STARTED,3.3.2.10.16
ACT-ELE-0017,Electrical,"Unload, position, and anchor 33/11kV oil-immersed power transformer onto concrete pad - Emergency Diesel Generator Enclosure (EDG-GEN-01)",Emergency Diesel Generator Enclosure,EDG-GEN-01,2026-09-11,2026-09-16,DELAYED,3.3.3.01.17
ACT-ELE-0018,Electrical,"Erect 11kV vacuum circuit breaker switchgear cubicles and bolt copper busbar joints (VFD-PANEL-01, Variable Frequency Drive (VFD) Enclosure)",Variable Frequency Drive (VFD) Enclosure,VFD-PANEL-01,2026-09-21,2026-09-28,NOT_STARTED,3.3.3.02.18
ACT-ELE-0019,Electrical,Torque check and mark all internal phase busbar bolted connections with torque seal - Offsites Chemical Injection Shelter (ELEC-SKID-01),Offsites Chemical Injection Shelter,ELEC-SKID-01,2026-10-01,2026-10-07,NOT_STARTED,3.3.3.03.19
ACT-ELE-0020,Electrical,"Install battery bank racks, mount 2V lead-acid cells, and torque cell interlinks (LIGHT-MAST-01, Plant High-Mast Yard Lighting Towers)",Plant High-Mast Yard Lighting Towers,LIGHT-MAST-01,2026-10-04,2026-10-07,NOT_STARTED,3.3.3.04.20
ACT-ELE-0021,Electrical,Setting multi-tier LV Motor Control Center lineup over cable cellar opening - Instrument Earthing & Grounding Well Area (EARTH-PIT-01),Instrument Earthing & Grounding Well Area,EARTH-PIT-01,2026-09-09,2026-09-14,NOT_STARTED,3.3.3.05.21
ACT-ELE-0022,Electrical,"Install variable speed drive (VFD) cabinets and wire internal bypass contactors (DCS-CAB-01, DCS Marshalling & System Cabinet Room)",DCS Marshalling & System Cabinet Room,DCS-CAB-01,2026-09-26,2026-10-01,NOT_STARTED,3.3.3.06.22
ACT-ELE-0023,Electrical,Drive copper-bonded ground rods and measure individual soil earth resistance - ESD Emergency Shutdown System Panel (ESD-PNL-01),ESD Emergency Shutdown System Panel,ESD-PNL-01,2026-08-11,2026-08-16,IN_PROGRESS,3.3.3.07.23
ACT-ELE-0024,Electrical,"Cadweld exothermic bond 50x6mm bare copper ground tape to plant grounding grid (FGS-PNL-01, Fire & Gas Detection (F&G) System Panel)",Fire & Gas Detection (F&G) System Panel,FGS-PNL-01,2026-08-21,2026-08-28,COMPLETED,3.3.3.08.24
ACT-ELE-0025,Electrical,Perform 5kV / 1kV Megger insulation resistance testing on power feeder cables - Cathodic Protection Transformer Rectifier Unit (CP-TRU-01),Cathodic Protection Transformer Rectifier Unit,CP-TRU-01,2026-10-12,2026-10-14,NOT_STARTED,3.3.3.09.25
ACT-ELE-0026,Electrical,Injecting secondary current to verify 50/51/51N protection relay trip timing [Main Substation 33kV Switchgear Room],Main Substation 33kV Switchgear Room,SWG-33KV-01,2026-10-22,2026-10-25,NOT_STARTED,3.3.3.10.26
ACT-ELE-0027,Electrical,"Transformer turns ratio (TTR), vector group, and winding resistance diagnostic testing for SWG-11KV-01 at Main Substation 11kV Switchgear Room",Main Substation 11kV Switchgear Room,SWG-11KV-01,2026-10-25,2026-10-29,NOT_STARTED,3.3.3.11.27
ACT-ELE-0028,Electrical,"Very Low Frequency (VLF) Hi-Pot dielectric withstand test on 33kV cable cores at MCC-TRAIN-A, Substation 01",Motor Control Center Room - MCC-01,MCC-TRAIN-A,2026-10-14,2026-10-18,NOT_STARTED,3.3.3.12.28
ACT-ELE-0029,Electrical,Mount and wire LED floodlight luminaires on 25m high-mast yard lighting tower for MCC-TRAIN-B at Motor Control Center Room - MCC-02,Motor Control Center Room - MCC-02,MCC-TRAIN-B,2026-10-24,2026-10-31,NOT_STARTED,3.3.3.13.29
ACT-ELE-0030,Electrical,Install and calibrate field smart pressure and temperature transmitters with HART communicator at Outdoor Transformer Yard - TR-01 Bay (Transformer Yard),Outdoor Transformer Yard - TR-01 Bay,XFMR-33-11KV-01,2026-10-27,2026-10-30,NOT_STARTED,3.3.3.14.30
ACT-ELE-0031,Electrical,Cold loop check and signal verification between field instruments and DCS I/O cards - Central Control Room - UPS & Battery Room (UPS-BAT-ROOM),Central Control Room - UPS & Battery Room,UPS-BAT-ROOM,2026-11-06,2026-11-11,NOT_STARTED,3.3.3.15.31
ACT-ELE-0032,Electrical,"Install heavy-duty perforated galvanized steel cable trays (450mm width) (FAR-01, Field Auxiliary Room (FAR-01))",Field Auxiliary Room (FAR-01),FAR-01,2026-08-03,2026-08-10,COMPLETED,3.3.1.01.32
ACT-ELE-0033,Electrical,Erect vertical ladder cable trays and weld structural support brackets - Field Auxiliary Room (FAR-02) (FAR-02),Field Auxiliary Room (FAR-02),FAR-02,2026-08-13,2026-08-20,IN_PROGRESS,3.3.1.02.33
ACT-ELE-0034,Electrical,"Bend, thread and mount rigid galvanized steel (RGS) conduit runs (LCP-COMP-01, Compressor Local Control Panel Area)",Compressor Local Control Panel Area,LCP-COMP-01,2026-08-23,2026-08-31,IN_PROGRESS,3.3.1.03.34
ACT-ELE-0035,Electrical,Mounting hazardous-area Ex-d terminal enclosures and pouring Chico sealing compound [Process Train A - Cable Trench Corridor],Process Train A - Cable Trench Corridor,TRNCH-ELEC-01,2026-08-12,2026-08-15,IN_PROGRESS,3.3.1.04.35
ACT-ELE-0036,Electrical,"Apply certified intumescent firestop mortar and pillows at cable wall penetrations (TRNCH-ELEC-02, Process Train B - Cable Trench Corridor)",Process Train B - Cable Trench Corridor,TRNCH-ELEC-02,2026-09-05,2026-09-08,NOT_STARTED,3.3.1.05.36
ACT-ELE-0037,Electrical,Mount heavy stainless steel cable cleats and strapping on vertical riser tray runs - Pipe Rack Cable Tray Level - Top Tier (TRAY-RACK-01),Pipe Rack Cable Tray Level - Top Tier,TRAY-RACK-01,2026-08-25,2026-08-30,IN_PROGRESS,3.3.1.06.37
ACT-ELE-0038,Electrical,"Pull 3-core 240 sq mm 33kV copper armored power cable through trench and duct bank (ELEC-TF-01, Tank Farm Lighting & Earthing Perimeter)",Tank Farm Lighting & Earthing Perimeter,ELEC-TF-01,2026-08-28,2026-09-05,NOT_STARTED,3.3.2.01.38
ACT-ELE-0039,Electrical,Routing 415V 4C-95sqmm copper power supply cable into local drive panel - Cooling Water MCC Sub-Station (MCC-CW-01),Cooling Water MCC Sub-Station,MCC-CW-01,2026-09-07,2026-09-14,NOT_STARTED,3.3.2.02.39
ACT-ELE-0040,Electrical,"Pull multi-pair overall screened signal instrumentation cable to DCS rack (ELEC-GANTRY-01, Product Dispatch Gantry Area)",Product Dispatch Gantry Area,ELEC-GANTRY-01,2026-09-17,2026-09-21,NOT_STARTED,3.3.2.03.40
ACT-ELE-0041,Electrical,"Cable dressing, stripping outer sheath and glanding using double-compression glands - Emergency Diesel Generator Enclosure (EDG-GEN-01)",Emergency Diesel Generator Enclosure,EDG-GEN-01,2026-09-27,2026-10-02,NOT_STARTED,3.3.2.04.41
ACT-ELE-0042,Electrical,Pressing compression terminal lugs on power conductor ends using hydraulic tool - Variable Frequency Drive (VFD) Enclosure (VFD-PANEL-01),Variable Frequency Drive (VFD) Enclosure,VFD-PANEL-01,2026-09-09,2026-09-13,NOT_STARTED,3.3.2.05.42
ACT-ELE-0043,Electrical,Terminate power leads and control wiring onto terminal strips inside MCC breaker cubicle - Offsites Chemical Injection Shelter (ELEC-SKID-01),Offsites Chemical Injection Shelter,ELEC-SKID-01,2026-09-19,2026-09-25,NOT_STARTED,3.3.2.06.43
ACT-ELE-0044,Electrical,"Install stress cone terminations and cold shrink kits on 33kV XLPE cables (LIGHT-MAST-01, Plant High-Mast Yard Lighting Towers)",Plant High-Mast Yard Lighting Towers,LIGHT-MAST-01,2026-09-22,2026-09-28,NOT_STARTED,3.3.2.07.44
ACT-ELE-0045,Electrical,Point-to-point ring-out continuity verification and wire ferrule alphanumeric check - Instrument Earthing & Grounding Well Area (EARTH-PIT-01),Instrument Earthing & Grounding Well Area,EARTH-PIT-01,2026-10-02,2026-10-04,NOT_STARTED,3.3.2.08.45
ACT-ELE-0046,Electrical,"Terminate emergency trip push button interconnecting loop cable to ESD panel (DCS-CAB-01, DCS Marshalling & System Cabinet Room)",DCS Marshalling & System Cabinet Room,DCS-CAB-01,2026-10-05,2026-10-07,NOT_STARTED,3.3.2.09.46
ACT-ELE-0047,Electrical,Pull DC battery backup supply cables from rack to UPS inverter cabinet - ESD Emergency Shutdown System Panel (ESD-PNL-01),ESD Emergency Shutdown System Panel,ESD-PNL-01,2026-09-24,2026-09-28,NOT_STARTED,3.3.2.10.47
ACT-ELE-0048,Electrical,"Unload, position, and anchor 33/11kV oil-immersed power transformer onto concrete pad (FGS-PNL-01, Fire & Gas Detection (F&G) System Panel)",Fire & Gas Detection (F&G) System Panel,FGS-PNL-01,2026-09-20,2026-09-26,NOT_STARTED,3.3.3.01.48
ACT-ELE-0049,Electrical,"Installing 11kV vacuum switchgear panels and connecting internal busbar splices at CP-TRU-01, Corrosion Station",Cathodic Protection Transformer Rectifier Unit,CP-TRU-01,2026-09-09,2026-09-17,NOT_STARTED,3.3.3.02.49
ACT-ELE-0050,Electrical,Torque check and mark all internal phase busbar bolted connections with torque seal at Main Substation 33kV Switchgear Room (Substation 01),Main Substation 33kV Switchgear Room,SWG-33KV-01,2026-09-19,2026-09-21,NOT_STARTED,3.3.3.03.50
ACT-ELE-0051,Electrical,"Install battery bank racks, mount 2V lead-acid cells, and torque cell interlinks for SWG-11KV-01 at Main Substation 11kV Switchgear Room",Main Substation 11kV Switchgear Room,SWG-11KV-01,2026-09-22,2026-09-26,DELAYED,3.3.3.04.01
ACT-ELE-0052,Electrical,"Rigging and anchoring LV MCC switchboard assembly onto embedded floor channels at MCC-TRAIN-A, Substation 01",Motor Control Center Room - MCC-01,MCC-TRAIN-A,2026-09-18,2026-09-24,NOT_STARTED,3.3.3.05.02
ACT-ELE-0053,Electrical,Install variable speed drive (VFD) cabinets and wire internal bypass contactors for MCC-TRAIN-B at Motor Control Center Room - MCC-02,Motor Control Center Room - MCC-02,MCC-TRAIN-B,2026-10-05,2026-10-11,NOT_STARTED,3.3.3.06.03
ACT-ELE-0054,Electrical,Drive copper-bonded ground rods and measure individual soil earth resistance at Outdoor Transformer Yard - TR-01 Bay (Transformer Yard),Outdoor Transformer Yard - TR-01 Bay,XFMR-33-11KV-01,2026-08-20,2026-08-26,IN_PROGRESS,3.3.3.07.04
ACT-ELE-0055,Electrical,Cadweld exothermic bond 50x6mm bare copper ground tape to plant grounding grid for XFMR-11-0.4KV-01 at Outdoor Transformer Yard - TR-02 Bay,Outdoor Transformer Yard - TR-02 Bay,XFMR-11-0.4KV-01,2026-08-30,2026-09-02,NOT_STARTED,3.3.3.08.05
ACT-ELE-0056,Electrical,Conducting high voltage Megger test on power cables and logging insulation values [Central Control Room - UPS & Battery Room],Central Control Room - UPS & Battery Room,UPS-BAT-ROOM,2026-09-30,2026-10-02,NOT_STARTED,3.3.3.09.06
ACT-ELE-0057,Electrical,Secondary current injection testing of numerical protection relays (50/51/51N) for FAR-01 at Field Auxiliary Room (FAR-01),Field Auxiliary Room (FAR-01),FAR-01,2026-10-10,2026-10-14,NOT_STARTED,3.3.3.10.07
ACT-ELE-0058,Electrical,"Transformer turns ratio (TTR), vector group, and winding resistance diagnostic testing at Field Auxiliary Room (FAR-02) (Field Satellite)",Field Auxiliary Room (FAR-02),FAR-02,2026-10-13,2026-10-18,NOT_STARTED,3.3.3.11.08
ACT-ELE-0059,Electrical,High potential (Hi-Pot) DC / VLF withstand dielectric test on 33kV MV cable run for LCP-COMP-01 at Compressor Local Control Panel Area,Compressor Local Control Panel Area,LCP-COMP-01,2026-10-23,2026-10-28,NOT_STARTED,3.3.3.12.09
ACT-ELE-0060,Electrical,Mount and wire LED floodlight luminaires on 25m high-mast yard lighting tower at Process Train A - Cable Trench Corridor (Process Area 1),Process Train A - Cable Trench Corridor,TRNCH-ELEC-01,2026-11-02,2026-11-05,NOT_STARTED,3.3.3.13.10
ACT-ELE-0061,Electrical,Install and calibrate field smart pressure and temperature transmitters with HART communicator for TRNCH-ELEC-02 at Process Train B - Cable Trench Corridor,Process Train B - Cable Trench Corridor,TRNCH-ELEC-02,2026-11-05,2026-11-09,NOT_STARTED,3.3.3.14.11
ACT-ELE-0062,Electrical,"Cold loop check and signal verification between field instruments and DCS I/O cards (ELEC-TF-01, Tank Farm Lighting & Earthing Perimeter)",Tank Farm Lighting & Earthing Perimeter,ELEC-TF-01,2026-11-13,2026-11-19,NOT_STARTED,3.3.3.15.12
ACT-ELE-0063,Electrical,Installing 450mm HDG cable containment trays with splice plate hardware - Cooling Water MCC Sub-Station (MCC-CW-01),Cooling Water MCC Sub-Station,MCC-CW-01,2026-07-22,2026-07-30,COMPLETED,3.3.1.01.13
ACT-ELE-0064,Electrical,"Erect vertical ladder cable trays and weld structural support brackets (ELEC-GANTRY-01, Product Dispatch Gantry Area)",Product Dispatch Gantry Area,ELEC-GANTRY-01,2026-08-01,2026-08-09,COMPLETED,3.3.1.02.14
ACT-ELE-0065,Electrical,"Field bending and threading 2"" heavy wall RGS electrical conduit lines [Emergency Diesel Generator Enclosure]",Emergency Diesel Generator Enclosure,EDG-GEN-01,2026-08-11,2026-08-15,IN_PROGRESS,3.3.1.03.15
ACT-ELE-0066,Electrical,"Install explosion-proof Class 1 Div 2 junction boxes and Chico compound seal fittings (VFD-PANEL-01, Variable Frequency Drive (VFD) Enclosure)",Variable Frequency Drive (VFD) Enclosure,VFD-PANEL-01,2026-08-21,2026-08-25,IN_PROGRESS,3.3.1.04.16
ACT-ELE-0067,Electrical,Apply certified intumescent firestop mortar and pillows at cable wall penetrations - Offsites Chemical Injection Shelter (ELEC-SKID-01),Offsites Chemical Injection Shelter,ELEC-SKID-01,2026-09-14,2026-09-18,NOT_STARTED,3.3.1.05.17
ACT-ELE-0068,Electrical,"Mount heavy stainless steel cable cleats and strapping on vertical riser tray runs (LIGHT-MAST-01, Plant High-Mast Yard Lighting Towers)",Plant High-Mast Yard Lighting Towers,LIGHT-MAST-01,2026-09-03,2026-09-09,DELAYED,3.3.1.06.18
ACT-ELE-0069,Electrical,Pull 3-core 240 sq mm 33kV copper armored power cable through trench and duct bank - Instrument Earthing & Grounding Well Area (EARTH-PIT-01),Instrument Earthing & Grounding Well Area,EARTH-PIT-01,2026-09-06,2026-09-15,NOT_STARTED,3.3.2.01.19
ACT-ELE-0070,Electrical,"Hauling and laying 4-core 95 sq mm low voltage power feeder in cable tray at DCS-CAB-01, Control Building",DCS Marshalling & System Cabinet Room,DCS-CAB-01,2026-08-26,2026-08-29,NOT_STARTED,3.3.2.02.20
ACT-ELE-0071,Electrical,Pull multi-pair overall screened signal instrumentation cable to DCS rack - ESD Emergency Shutdown System Panel (ESD-PNL-01),ESD Emergency Shutdown System Panel,ESD-PNL-01,2026-09-05,2026-09-10,NOT_STARTED,3.3.2.03.21
ACT-ELE-0072,Electrical,"Cable dressing, stripping outer sheath and glanding using double-compression glands (FGS-PNL-01, Fire & Gas Detection (F&G) System Panel)",Fire & Gas Detection (F&G) System Panel,FGS-PNL-01,2026-09-15,2026-09-21,NOT_STARTED,3.3.2.04.22
ACT-ELE-0073,Electrical,Crimp tinned copper lugs onto power conductors using hydraulic crimping tool - Cathodic Protection Transformer Rectifier Unit (CP-TRU-01),Cathodic Protection Transformer Rectifier Unit,CP-TRU-01,2026-09-18,2026-09-23,NOT_STARTED,3.3.2.05.23
ACT-ELE-0074,Electrical,Terminate power leads and control wiring onto terminal strips inside MCC breaker cubicle at Main Substation 33kV Switchgear Room (Substation 01),Main Substation 33kV Switchgear Room,SWG-33KV-01,2026-09-28,2026-10-05,NOT_STARTED,3.3.2.06.24
ACT-ELE-0075,Electrical,Install stress cone terminations and cold shrink kits on 33kV XLPE cables for SWG-11KV-01 at Main Substation 11kV Switchgear Room,Main Substation 11kV Switchgear Room,SWG-11KV-01,2026-10-01,2026-10-03,NOT_STARTED,3.3.2.07.25
ACT-ELE-0076,Electrical,Point-to-point ring-out continuity verification and wire ferrule alphanumeric check at Motor Control Center Room - MCC-01 (Substation 01),Motor Control Center Room - MCC-01,MCC-TRAIN-A,2026-10-11,2026-10-14,NOT_STARTED,3.3.2.08.26
ACT-ELE-0077,Electrical,Hooking up field emergency stop circuit wiring to central ESD logic rack [Motor Control Center Room - MCC-02],Motor Control Center Room - MCC-02,MCC-TRAIN-B,2026-09-23,2026-09-26,NOT_STARTED,3.3.2.09.27
ACT-ELE-0078,Electrical,Pulling DC positive/negative power supply cables from battery room to inverter - Outdoor Transformer Yard - TR-01 Bay (XFMR-33-11KV-01),Outdoor Transformer Yard - TR-01 Bay,XFMR-33-11KV-01,2026-09-12,2026-09-17,NOT_STARTED,3.3.2.10.28
ACT-ELE-0079,Electrical,"Unload, position, and anchor 33/11kV oil-immersed power transformer onto concrete pad for XFMR-11-0.4KV-01 at Outdoor Transformer Yard - TR-02 Bay",Outdoor Transformer Yard - TR-02 Bay,XFMR-11-0.4KV-01,2026-09-08,2026-09-15,NOT_STARTED,3.3.3.01.29
ACT-ELE-0080,Electrical,Erect 11kV vacuum circuit breaker switchgear cubicles and bolt copper busbar joints at Central Control Room - UPS & Battery Room (CCR Annex),Central Control Room - UPS & Battery Room,UPS-BAT-ROOM,2026-09-18,2026-09-22,NOT_STARTED,3.3.3.02.30
ACT-ELE-0081,Electrical,Torque check and mark all internal phase busbar bolted connections with torque seal for FAR-01 at Field Auxiliary Room (FAR-01),Field Auxiliary Room (FAR-01),FAR-01,2026-09-28,2026-10-01,NOT_STARTED,3.3.3.03.31
ACT-ELE-0082,Electrical,"Install battery bank racks, mount 2V lead-acid cells, and torque cell interlinks at Field Auxiliary Room (FAR-02) (Field Satellite)",Field Auxiliary Room (FAR-02),FAR-02,2026-10-01,2026-10-06,NOT_STARTED,3.3.3.04.32
ACT-ELE-0083,Electrical,Position and bolt Low Voltage Motor Control Center (MCC) panel suite on floor channels for LCP-COMP-01 at Compressor Local Control Panel Area,Compressor Local Control Panel Area,LCP-COMP-01,2026-09-27,2026-10-04,NOT_STARTED,3.3.3.05.33
ACT-ELE-0084,Electrical,Mounting VFD drive panels and terminating power input/output bypass links - Process Train A - Cable Trench Corridor (TRNCH-ELEC-01),Process Train A - Cable Trench Corridor,TRNCH-ELEC-01,2026-09-23,2026-09-30,NOT_STARTED,3.3.3.06.34
ACT-ELE-0085,Electrical,Drive copper-bonded ground rods and measure individual soil earth resistance for TRNCH-ELEC-02 at Process Train B - Cable Trench Corridor,Process Train B - Cable Trench Corridor,TRNCH-ELEC-02,2026-08-08,2026-08-10,COMPLETED,3.3.3.07.35
ACT-ELE-0086,Electrical,Cadweld exothermic bond 50x6mm bare copper ground tape to plant grounding grid at Pipe Rack Cable Tray Level - Top Tier (Rack Corridor),Pipe Rack Cable Tray Level - Top Tier,TRAY-RACK-01,2026-08-18,2026-08-22,IN_PROGRESS,3.3.3.08.36
ACT-ELE-0087,Electrical,Perform 5kV / 1kV Megger insulation resistance testing on power feeder cables for ELEC-TF-01 at Tank Farm Lighting & Earthing Perimeter,Tank Farm Lighting & Earthing Perimeter,ELEC-TF-01,2026-10-09,2026-10-12,NOT_STARTED,3.3.3.09.37
ACT-ELE-0088,Electrical,Secondary current injection testing of numerical protection relays (50/51/51N) at Cooling Water MCC Sub-Station (Utilities Substation),Cooling Water MCC Sub-Station,MCC-CW-01,2026-10-19,2026-10-24,NOT_STARTED,3.3.3.10.38
ACT-ELE-0089,Electrical,"Transformer turns ratio (TTR), vector group, and winding resistance diagnostic testing for ELEC-GANTRY-01 at Product Dispatch Gantry Area",Product Dispatch Gantry Area,ELEC-GANTRY-01,2026-10-22,2026-10-28,NOT_STARTED,3.3.3.11.39
ACT-ELE-0090,Electrical,High potential (Hi-Pot) DC / VLF withstand dielectric test on 33kV MV cable run at Emergency Diesel Generator Enclosure (Generator Room),Emergency Diesel Generator Enclosure,EDG-GEN-01,2026-11-01,2026-11-03,NOT_STARTED,3.3.3.12.40
ACT-ELE-0091,Electrical,"Installing multi-directional LED floodlight fixtures on high mast lighting ring at VFD-PANEL-01, Power House",Variable Frequency Drive (VFD) Enclosure,VFD-PANEL-01,2026-10-21,2026-10-25,NOT_STARTED,3.3.3.13.41
ACT-ELE-0092,Electrical,Install and calibrate field smart pressure and temperature transmitters with HART communicator at Offsites Chemical Injection Shelter (Offsites),Offsites Chemical Injection Shelter,ELEC-SKID-01,2026-10-24,2026-10-29,NOT_STARTED,3.3.3.14.42
ACT-ELE-0093,Electrical,Cold loop check and signal verification between field instruments and DCS I/O cards - Instrument Earthing & Grounding Well Area (EARTH-PIT-01),Instrument Earthing & Grounding Well Area,EARTH-PIT-01,2026-11-03,2026-11-10,NOT_STARTED,3.3.3.15.43
ACT-ELE-0094,Electrical,"Install heavy-duty perforated galvanized steel cable trays (450mm width) (DCS-CAB-01, DCS Marshalling & System Cabinet Room)",DCS Marshalling & System Cabinet Room,DCS-CAB-01,2026-07-31,2026-08-09,COMPLETED,3.3.1.01.44
ACT-ELE-0095,Electrical,Erect vertical ladder cable trays and weld structural support brackets - ESD Emergency Shutdown System Panel (ESD-PNL-01),ESD Emergency Shutdown System Panel,ESD-PNL-01,2026-08-10,2026-08-14,IN_PROGRESS,3.3.1.02.45
ACT-ELE-0096,Electrical,"Bend, thread and mount rigid galvanized steel (RGS) conduit runs (FGS-PNL-01, Fire & Gas Detection (F&G) System Panel)",Fire & Gas Detection (F&G) System Panel,FGS-PNL-01,2026-08-20,2026-08-25,COMPLETED,3.3.1.03.46
ACT-ELE-0097,Electrical,Install explosion-proof Class 1 Div 2 junction boxes and Chico compound seal fittings - Cathodic Protection Transformer Rectifier Unit (CP-TRU-01),Cathodic Protection Transformer Rectifier Unit,CP-TRU-01,2026-08-30,2026-09-04,NOT_STARTED,3.3.1.04.47
ACT-ELE-0098,Electrical,Installing firestop barrier transit frames and intumescent compound at wall breaches [Main Substation 33kV Switchgear Room],Main Substation 33kV Switchgear Room,SWG-33KV-01,2026-09-02,2026-09-07,NOT_STARTED,3.3.1.05.48
ACT-ELE-0099,Electrical,Mount heavy stainless steel cable cleats and strapping on vertical riser tray runs for SWG-11KV-01 at Main Substation 11kV Switchgear Room,Main Substation 11kV Switchgear Room,SWG-11KV-01,2026-08-22,2026-08-29,IN_PROGRESS,3.3.1.06.49
ACT-ELE-0100,Electrical,Pull 3-core 240 sq mm 33kV copper armored power cable through trench and duct bank at Motor Control Center Room - MCC-01 (Substation 01),Motor Control Center Room - MCC-01,MCC-TRAIN-A,2026-08-25,2026-08-30,DELAYED,3.3.2.01.50
ACT-ELE-0101,Electrical,Pull 4-core 95 sq mm 415V low voltage power feed to motor control panel for MCC-TRAIN-B at Motor Control Center Room - MCC-02,Motor Control Center Room - MCC-02,MCC-TRAIN-B,2026-09-04,2026-09-08,NOT_STARTED,3.3.2.02.01
ACT-ELE-0102,Electrical,Pull multi-pair overall screened signal instrumentation cable to DCS rack at Outdoor Transformer Yard - TR-01 Bay (Transformer Yard),Outdoor Transformer Yard - TR-01 Bay,XFMR-33-11KV-01,2026-09-14,2026-09-20,DELAYED,3.3.2.03.02
ACT-ELE-0103,Electrical,"Cable dressing, stripping outer sheath and glanding using double-compression glands for XFMR-11-0.4KV-01 at Outdoor Transformer Yard - TR-02 Bay",Outdoor Transformer Yard - TR-02 Bay,XFMR-11-0.4KV-01,2026-09-24,2026-10-01,NOT_STARTED,3.3.2.04.03
ACT-ELE-0104,Electrical,Pressing compression terminal lugs on power conductor ends using hydraulic tool [Central Control Room - UPS & Battery Room],Central Control Room - UPS & Battery Room,UPS-BAT-ROOM,2026-09-27,2026-10-03,NOT_STARTED,3.3.2.05.04
ACT-ELE-0105,Electrical,Wiring motor power leads and auxiliary control interlocks inside MCC compartment - Field Auxiliary Room (FAR-01) (FAR-01),Field Auxiliary Room (FAR-01),FAR-01,2026-09-16,2026-09-19,NOT_STARTED,3.3.2.06.05
ACT-ELE-0106,Electrical,Install stress cone terminations and cold shrink kits on 33kV XLPE cables at Field Auxiliary Room (FAR-02) (Field Satellite),Field Auxiliary Room (FAR-02),FAR-02,2026-09-19,2026-09-22,NOT_STARTED,3.3.2.07.06
ACT-ELE-0107,Electrical,Point-to-point ring-out continuity verification and wire ferrule alphanumeric check for LCP-COMP-01 at Compressor Local Control Panel Area,Compressor Local Control Panel Area,LCP-COMP-01,2026-09-29,2026-10-03,NOT_STARTED,3.3.2.08.07
ACT-ELE-0108,Electrical,Terminate emergency trip push button interconnecting loop cable to ESD panel at Process Train A - Cable Trench Corridor (Process Area 1),Process Train A - Cable Trench Corridor,TRNCH-ELEC-01,2026-10-02,2026-10-06,NOT_STARTED,3.3.2.09.08
ACT-ELE-0109,Electrical,Pull DC battery backup supply cables from rack to UPS inverter cabinet for TRNCH-ELEC-02 at Process Train B - Cable Trench Corridor,Process Train B - Cable Trench Corridor,TRNCH-ELEC-02,2026-09-21,2026-09-27,NOT_STARTED,3.3.2.10.09
ACT-ELE-0110,Electrical,"Unload, position, and anchor 33/11kV oil-immersed power transformer onto concrete pad at Pipe Rack Cable Tray Level - Top Tier (Rack Corridor)",Pipe Rack Cable Tray Level - Top Tier,TRAY-RACK-01,2026-09-17,2026-09-20,NOT_STARTED,3.3.3.01.10
ACT-ELE-0111,Electrical,Erect 11kV vacuum circuit breaker switchgear cubicles and bolt copper busbar joints for ELEC-TF-01 at Tank Farm Lighting & Earthing Perimeter,Tank Farm Lighting & Earthing Perimeter,ELEC-TF-01,2026-09-27,2026-10-02,NOT_STARTED,3.3.3.02.11
ACT-ELE-0112,Electrical,"Calibrated torque verification and torque-seal paint marking on all busbar joints at MCC-CW-01, Utilities Substation",Cooling Water MCC Sub-Station,MCC-CW-01,2026-09-16,2026-09-20,NOT_STARTED,3.3.3.03.12
ACT-ELE-0113,Electrical,"Install battery bank racks, mount 2V lead-acid cells, and torque cell interlinks for ELEC-GANTRY-01 at Product Dispatch Gantry Area",Product Dispatch Gantry Area,ELEC-GANTRY-01,2026-09-19,2026-09-25,NOT_STARTED,3.3.3.04.13
ACT-ELE-0114,Electrical,Position and bolt Low Voltage Motor Control Center (MCC) panel suite on floor channels at Emergency Diesel Generator Enclosure (Generator Room),Emergency Diesel Generator Enclosure,EDG-GEN-01,2026-09-15,2026-09-23,NOT_STARTED,3.3.3.05.14
ACT-ELE-0115,Electrical,Install variable speed drive (VFD) cabinets and wire internal bypass contactors for VFD-PANEL-01 at Variable Frequency Drive (VFD) Enclosure,Variable Frequency Drive (VFD) Enclosure,VFD-PANEL-01,2026-10-02,2026-10-05,NOT_STARTED,3.3.3.06.15
ACT-ELE-0116,Electrical,Drive copper-bonded ground rods and measure individual soil earth resistance at Offsites Chemical Injection Shelter (Offsites),Offsites Chemical Injection Shelter,ELEC-SKID-01,2026-08-17,2026-08-20,IN_PROGRESS,3.3.3.07.16
ACT-ELE-0117,Electrical,Executing exothermic Cadweld connections between ground tape and main earth grid - Plant High-Mast Yard Lighting Towers (LIGHT-MAST-01),Plant High-Mast Yard Lighting Towers,LIGHT-MAST-01,2026-08-27,2026-09-01,NOT_STARTED,3.3.3.08.17
ACT-ELE-0118,Electrical,Perform 5kV / 1kV Megger insulation resistance testing on power feeder cables at Instrument Earthing & Grounding Well Area (Perimeter Grounding),Instrument Earthing & Grounding Well Area,EARTH-PIT-01,2026-10-18,2026-10-22,NOT_STARTED,3.3.3.09.18
ACT-ELE-0119,Electrical,Injecting secondary current to verify 50/51/51N protection relay trip timing [DCS Marshalling & System Cabinet Room],DCS Marshalling & System Cabinet Room,DCS-CAB-01,2026-10-07,2026-10-13,DELAYED,3.3.3.10.19
ACT-ELE-0120,Electrical,"Transformer turns ratio (TTR), vector group, and winding resistance diagnostic testing at ESD Emergency Shutdown System Panel (Control Building)",ESD Emergency Shutdown System Panel,ESD-PNL-01,2026-10-10,2026-10-12,NOT_STARTED,3.3.3.11.20
ACT-ELE-0121,Electrical,High potential (Hi-Pot) DC / VLF withstand dielectric test on 33kV MV cable run for FGS-PNL-01 at Fire & Gas Detection (F&G) System Panel,Fire & Gas Detection (F&G) System Panel,FGS-PNL-01,2026-10-20,2026-10-22,NOT_STARTED,3.3.3.12.21
ACT-ELE-0122,Electrical,Mount and wire LED floodlight luminaires on 25m high-mast yard lighting tower at Cathodic Protection Transformer Rectifier Unit (Corrosion Station),Cathodic Protection Transformer Rectifier Unit,CP-TRU-01,2026-10-30,2026-11-04,NOT_STARTED,3.3.3.13.22
ACT-ELE-0123,Electrical,"Install and calibrate field smart pressure and temperature transmitters with HART communicator (SWG-33KV-01, Main Substation 33kV Switchgear Room)",Main Substation 33kV Switchgear Room,SWG-33KV-01,2026-11-02,2026-11-08,NOT_STARTED,3.3.3.14.23
ACT-ELE-0124,Electrical,Cold loop check and signal verification between field instruments and DCS I/O cards at Motor Control Center Room - MCC-01 (Substation 01),Motor Control Center Room - MCC-01,MCC-TRAIN-A,2026-11-12,2026-11-20,NOT_STARTED,3.3.3.15.24
ACT-ELE-0125,Electrical,Install heavy-duty perforated galvanized steel cable trays (450mm width) for MCC-TRAIN-B at Motor Control Center Room - MCC-02,Motor Control Center Room - MCC-02,MCC-TRAIN-B,2026-08-09,2026-08-14,IN_PROGRESS,3.3.1.01.25
ACT-ELE-0126,Electrical,Installing vertical ladder cable racking and fabricating cantilever supports - Outdoor Transformer Yard - TR-01 Bay (XFMR-33-11KV-01),Outdoor Transformer Yard - TR-01 Bay,XFMR-33-11KV-01,2026-07-29,2026-08-03,COMPLETED,3.3.1.02.26
ACT-ELE-0127,Electrical,"Bend, thread and mount rigid galvanized steel (RGS) conduit runs for XFMR-11-0.4KV-01 at Outdoor Transformer Yard - TR-02 Bay",Outdoor Transformer Yard - TR-02 Bay,XFMR-11-0.4KV-01,2026-08-08,2026-08-14,IN_PROGRESS,3.3.1.03.27
ACT-ELE-0128,Electrical,Install explosion-proof Class 1 Div 2 junction boxes and Chico compound seal fittings at Central Control Room - UPS & Battery Room (CCR Annex),Central Control Room - UPS & Battery Room,UPS-BAT-ROOM,2026-08-18,2026-08-24,IN_PROGRESS,3.3.1.04.28
ACT-ELE-0129,Electrical,Apply certified intumescent firestop mortar and pillows at cable wall penetrations for FAR-01 at Field Auxiliary Room (FAR-01),Field Auxiliary Room (FAR-01),FAR-01,2026-09-11,2026-09-17,NOT_STARTED,3.3.1.05.29
ACT-ELE-0130,Electrical,"Fixing trefoil and single SS cable cleats on vertical riser ladder trays at FAR-02, Field Satellite",Field Auxiliary Room (FAR-02),FAR-02,2026-08-31,2026-09-03,NOT_STARTED,3.3.1.06.30
ACT-ELE-0131,Electrical,Pull 3-core 240 sq mm 33kV copper armored power cable through trench and duct bank for LCP-COMP-01 at Compressor Local Control Panel Area,Compressor Local Control Panel Area,LCP-COMP-01,2026-09-03,2026-09-09,NOT_STARTED,3.3.2.01.31
ACT-ELE-0132,Electrical,Pull 4-core 95 sq mm 415V low voltage power feed to motor control panel at Process Train A - Cable Trench Corridor (Process Area 1),Process Train A - Cable Trench Corridor,TRNCH-ELEC-01,2026-09-13,2026-09-18,NOT_STARTED,3.3.2.02.32
ACT-ELE-0133,Electrical,"Hauling multi-pair shielded twisted-pair (STP) analog instrument cable to DCS at TRNCH-ELEC-02, Process Area 2",Process Train B - Cable Trench Corridor,TRNCH-ELEC-02,2026-09-02,2026-09-09,NOT_STARTED,3.3.2.03.33
ACT-ELE-0134,Electrical,"Cable dressing, stripping outer sheath and glanding using double-compression glands at Pipe Rack Cable Tray Level - Top Tier (Rack Corridor)",Pipe Rack Cable Tray Level - Top Tier,TRAY-RACK-01,2026-09-12,2026-09-20,NOT_STARTED,3.3.2.04.34
ACT-ELE-0135,Electrical,Crimp tinned copper lugs onto power conductors using hydraulic crimping tool for ELEC-TF-01 at Tank Farm Lighting & Earthing Perimeter,Tank Farm Lighting & Earthing Perimeter,ELEC-TF-01,2026-09-15,2026-09-17,NOT_STARTED,3.3.2.05.35
ACT-ELE-0136,Electrical,Terminate power leads and control wiring onto terminal strips inside MCC breaker cubicle at Cooling Water MCC Sub-Station (Utilities Substation),Cooling Water MCC Sub-Station,MCC-CW-01,2026-09-25,2026-09-29,DELAYED,3.3.2.06.36
ACT-ELE-0137,Electrical,Install stress cone terminations and cold shrink kits on 33kV XLPE cables for ELEC-GANTRY-01 at Product Dispatch Gantry Area,Product Dispatch Gantry Area,ELEC-GANTRY-01,2026-09-28,2026-10-02,NOT_STARTED,3.3.2.07.37
ACT-ELE-0138,Electrical,Point-to-point ring-out continuity verification and wire ferrule alphanumeric check at Emergency Diesel Generator Enclosure (Generator Room),Emergency Diesel Generator Enclosure,EDG-GEN-01,2026-10-08,2026-10-13,NOT_STARTED,3.3.2.08.38
ACT-ELE-0139,Electrical,Terminate emergency trip push button interconnecting loop cable to ESD panel for VFD-PANEL-01 at Variable Frequency Drive (VFD) Enclosure,Variable Frequency Drive (VFD) Enclosure,VFD-PANEL-01,2026-10-11,2026-10-16,NOT_STARTED,3.3.2.09.39
ACT-ELE-0140,Electrical,Routing heavy-gauge DC battery supply conductors into main UPS cabinet [Offsites Chemical Injection Shelter],Offsites Chemical Injection Shelter,ELEC-SKID-01,2026-09-09,2026-09-11,NOT_STARTED,3.3.2.10.40
ACT-ELE-0141,Electrical,"Unload, position, and anchor 33/11kV oil-immersed power transformer onto concrete pad for LIGHT-MAST-01 at Plant High-Mast Yard Lighting Towers",Plant High-Mast Yard Lighting Towers,LIGHT-MAST-01,2026-09-05,2026-09-09,NOT_STARTED,3.3.3.01.41
ACT-ELE-0142,Electrical,Erect 11kV vacuum circuit breaker switchgear cubicles and bolt copper busbar joints at Instrument Earthing & Grounding Well Area (Perimeter Grounding),Instrument Earthing & Grounding Well Area,EARTH-PIT-01,2026-09-15,2026-09-21,NOT_STARTED,3.3.3.02.42
ACT-ELE-0143,Electrical,Checking busbar bolt torque with calibrated tool and applying torque stripe lacquer [DCS Marshalling & System Cabinet Room],DCS Marshalling & System Cabinet Room,DCS-CAB-01,2026-09-25,2026-09-30,NOT_STARTED,3.3.3.03.43
ACT-ELE-0144,Electrical,"Install battery bank racks, mount 2V lead-acid cells, and torque cell interlinks at ESD Emergency Shutdown System Panel (Control Building)",ESD Emergency Shutdown System Panel,ESD-PNL-01,2026-09-28,2026-10-05,NOT_STARTED,3.3.3.04.44
ACT-ELE-0145,Electrical,Position and bolt Low Voltage Motor Control Center (MCC) panel suite on floor channels for FGS-PNL-01 at Fire & Gas Detection (F&G) System Panel,Fire & Gas Detection (F&G) System Panel,FGS-PNL-01,2026-09-24,2026-09-28,NOT_STARTED,3.3.3.05.45
ACT-ELE-0146,Electrical,Install variable speed drive (VFD) cabinets and wire internal bypass contactors at Cathodic Protection Transformer Rectifier Unit (Corrosion Station),Cathodic Protection Transformer Rectifier Unit,CP-TRU-01,2026-10-11,2026-10-15,NOT_STARTED,3.3.3.06.46
ACT-ELE-0147,Electrical,Driving 3-meter copper-clad earth rods and testing resistance with 3-pole tester - Main Substation 33kV Switchgear Room (SWG-33KV-01),Main Substation 33kV Switchgear Room,SWG-33KV-01,2026-08-05,2026-08-09,COMPLETED,3.3.3.07.47
ACT-ELE-0148,Electrical,Cadweld exothermic bond 50x6mm bare copper ground tape to plant grounding grid - Main Substation 11kV Switchgear Room (SWG-11KV-01),Main Substation 11kV Switchgear Room,SWG-11KV-01,2026-08-15,2026-08-21,IN_PROGRESS,3.3.3.08.48
ACT-ELE-0149,Electrical,"Perform 5kV / 1kV Megger insulation resistance testing on power feeder cables (MCC-TRAIN-A, Motor Control Center Room - MCC-01)",Motor Control Center Room - MCC-01,MCC-TRAIN-A,2026-10-06,2026-10-11,NOT_STARTED,3.3.3.09.49
ACT-ELE-0150,Electrical,Secondary current injection testing of numerical protection relays (50/51/51N) - Motor Control Center Room - MCC-02 (MCC-TRAIN-B),Motor Control Center Room - MCC-02,MCC-TRAIN-B,2026-10-16,2026-10-18,NOT_STARTED,3.3.3.10.50
ACT-ELE-0151,Electrical,"Transformer turns ratio (TTR), vector group, and winding resistance diagnostic testing (XFMR-33-11KV-01, Outdoor Transformer Yard - TR-01 Bay)",Outdoor Transformer Yard - TR-01 Bay,XFMR-33-11KV-01,2026-10-19,2026-10-22,NOT_STARTED,3.3.3.11.01
ACT-ELE-0152,Electrical,High potential (Hi-Pot) DC / VLF withstand dielectric test on 33kV MV cable run - Outdoor Transformer Yard - TR-02 Bay (XFMR-11-0.4KV-01),Outdoor Transformer Yard - TR-02 Bay,XFMR-11-0.4KV-01,2026-10-29,2026-11-01,NOT_STARTED,3.3.3.12.02
ACT-ELE-0153,Electrical,"Mount and wire LED floodlight luminaires on 25m high-mast yard lighting tower (UPS-BAT-ROOM, Central Control Room - UPS & Battery Room)",Central Control Room - UPS & Battery Room,UPS-BAT-ROOM,2026-11-08,2026-11-14,DELAYED,3.3.3.13.03
ACT-ELE-0154,Electrical,"Installing field process transmitters, tagging and performing 5-point HART check at FAR-01, Field Satellite",Field Auxiliary Room (FAR-01),FAR-01,2026-10-21,2026-10-28,NOT_STARTED,3.3.3.14.04
ACT-ELE-0155,Electrical,Cold loop check and signal verification between field instruments and DCS I/O cards for LCP-COMP-01 at Compressor Local Control Panel Area,Compressor Local Control Panel Area,LCP-COMP-01,2026-10-31,2026-11-04,NOT_STARTED,3.3.3.15.05
ACT-ELE-0156,Electrical,Mounting galvanized perforated cable trays (450mm) and connecting coupler plates - Process Train A - Cable Trench Corridor (TRNCH-ELEC-01),Process Train A - Cable Trench Corridor,TRNCH-ELEC-01,2026-07-28,2026-08-03,COMPLETED,3.3.1.01.06
ACT-ELE-0157,Electrical,Erect vertical ladder cable trays and weld structural support brackets for TRNCH-ELEC-02 at Process Train B - Cable Trench Corridor,Process Train B - Cable Trench Corridor,TRNCH-ELEC-02,2026-08-07,2026-08-13,IN_PROGRESS,3.3.1.02.07
ACT-ELE-0158,Electrical,"Bend, thread and mount rigid galvanized steel (RGS) conduit runs at Pipe Rack Cable Tray Level - Top Tier (Rack Corridor)",Pipe Rack Cable Tray Level - Top Tier,TRAY-RACK-01,2026-08-17,2026-08-24,IN_PROGRESS,3.3.1.03.08
ACT-ELE-0159,Electrical,Install explosion-proof Class 1 Div 2 junction boxes and Chico compound seal fittings for ELEC-TF-01 at Tank Farm Lighting & Earthing Perimeter,Tank Farm Lighting & Earthing Perimeter,ELEC-TF-01,2026-08-27,2026-09-03,NOT_STARTED,3.3.1.04.09
ACT-ELE-0160,Electrical,Apply certified intumescent firestop mortar and pillows at cable wall penetrations at Cooling Water MCC Sub-Station (Utilities Substation),Cooling Water MCC Sub-Station,MCC-CW-01,2026-09-20,2026-09-22,NOT_STARTED,3.3.1.05.10
ACT-ELE-0161,Electrical,Installing heavy-duty cable clamping cleats along vertical cable riser runs [Product Dispatch Gantry Area],Product Dispatch Gantry Area,ELEC-GANTRY-01,2026-08-19,2026-08-23,IN_PROGRESS,3.3.1.06.11
ACT-ELE-0162,Electrical,Pull 3-core 240 sq mm 33kV copper armored power cable through trench and duct bank at Emergency Diesel Generator Enclosure (Generator Room),Emergency Diesel Generator Enclosure,EDG-GEN-01,2026-08-22,2026-08-29,IN_PROGRESS,3.3.2.01.12
ACT-ELE-0163,Electrical,Pull 4-core 95 sq mm 415V low voltage power feed to motor control panel for VFD-PANEL-01 at Variable Frequency Drive (VFD) Enclosure,Variable Frequency Drive (VFD) Enclosure,VFD-PANEL-01,2026-09-01,2026-09-07,NOT_STARTED,3.3.2.02.13
ACT-ELE-0164,Electrical,Pull multi-pair overall screened signal instrumentation cable to DCS rack at Offsites Chemical Injection Shelter (Offsites),Offsites Chemical Injection Shelter,ELEC-SKID-01,2026-09-11,2026-09-19,NOT_STARTED,3.3.2.03.14
ACT-ELE-0165,Electrical,"Cable dressing, stripping outer sheath and glanding using double-compression glands for LIGHT-MAST-01 at Plant High-Mast Yard Lighting Towers",Plant High-Mast Yard Lighting Towers,LIGHT-MAST-01,2026-09-21,2026-09-25,NOT_STARTED,3.3.2.04.15
ACT-ELE-0166,Electrical,Crimp tinned copper lugs onto power conductors using hydraulic crimping tool at Instrument Earthing & Grounding Well Area (Perimeter Grounding),Instrument Earthing & Grounding Well Area,EARTH-PIT-01,2026-09-24,2026-09-27,NOT_STARTED,3.3.2.05.16
ACT-ELE-0167,Electrical,Terminate power leads and control wiring onto terminal strips inside MCC breaker cubicle for DCS-CAB-01 at DCS Marshalling & System Cabinet Room,DCS Marshalling & System Cabinet Room,DCS-CAB-01,2026-10-04,2026-10-09,NOT_STARTED,3.3.2.06.17
ACT-ELE-0168,Electrical,Making off 33kV high voltage stress cone cold shrink terminations on XLPE cable - ESD Emergency Shutdown System Panel (ESD-PNL-01),ESD Emergency Shutdown System Panel,ESD-PNL-01,2026-09-16,2026-09-21,NOT_STARTED,3.3.2.07.18
ACT-ELE-0169,Electrical,"Conducting loop continuity ring-out and cross-checking wire sleeve ferrule tags at FGS-PNL-01, Control Building",Fire & Gas Detection (F&G) System Panel,FGS-PNL-01,2026-09-26,2026-10-02,NOT_STARTED,3.3.2.08.19
ACT-ELE-0170,Electrical,Terminate emergency trip push button interconnecting loop cable to ESD panel at Cathodic Protection Transformer Rectifier Unit (Corrosion Station),Cathodic Protection Transformer Rectifier Unit,CP-TRU-01,2026-09-29,2026-10-01,DELAYED,3.3.2.09.20
ACT-ELE-0171,Electrical,"Pull DC battery backup supply cables from rack to UPS inverter cabinet (SWG-33KV-01, Main Substation 33kV Switchgear Room)",Main Substation 33kV Switchgear Room,SWG-33KV-01,2026-09-18,2026-09-21,NOT_STARTED,3.3.2.10.21
ACT-ELE-0172,Electrical,"Unload, position, and anchor 33/11kV oil-immersed power transformer onto concrete pad - Main Substation 11kV Switchgear Room (SWG-11KV-01)",Main Substation 11kV Switchgear Room,SWG-11KV-01,2026-09-14,2026-09-19,NOT_STARTED,3.3.3.01.22
ACT-ELE-0173,Electrical,"Erect 11kV vacuum circuit breaker switchgear cubicles and bolt copper busbar joints (MCC-TRAIN-A, Motor Control Center Room - MCC-01)",Motor Control Center Room - MCC-01,MCC-TRAIN-A,2026-09-24,2026-10-01,NOT_STARTED,3.3.3.02.23
ACT-ELE-0174,Electrical,Torque check and mark all internal phase busbar bolted connections with torque seal - Motor Control Center Room - MCC-02 (MCC-TRAIN-B),Motor Control Center Room - MCC-02,MCC-TRAIN-B,2026-10-04,2026-10-10,NOT_STARTED,3.3.3.03.24
ACT-ELE-0175,Electrical,"Erecting DC battery room racking, placing cells and applying anti-corrosion paste at XFMR-33-11KV-01, Transformer Yard",Outdoor Transformer Yard - TR-01 Bay,XFMR-33-11KV-01,2026-09-16,2026-09-19,NOT_STARTED,3.3.3.04.25
ACT-ELE-0176,Electrical,Position and bolt Low Voltage Motor Control Center (MCC) panel suite on floor channels - Outdoor Transformer Yard - TR-02 Bay (XFMR-11-0.4KV-01),Outdoor Transformer Yard - TR-02 Bay,XFMR-11-0.4KV-01,2026-09-12,2026-09-17,NOT_STARTED,3.3.3.05.26
ACT-ELE-0177,Electrical,"Install variable speed drive (VFD) cabinets and wire internal bypass contactors (UPS-BAT-ROOM, Central Control Room - UPS & Battery Room)",Central Control Room - UPS & Battery Room,UPS-BAT-ROOM,2026-09-29,2026-10-04,NOT_STARTED,3.3.3.06.27
ACT-ELE-0178,Electrical,Drive copper-bonded ground rods and measure individual soil earth resistance - Field Auxiliary Room (FAR-01) (FAR-01),Field Auxiliary Room (FAR-01),FAR-01,2026-08-14,2026-08-19,IN_PROGRESS,3.3.3.07.28
ACT-ELE-0179,Electrical,"Cadweld exothermic bond 50x6mm bare copper ground tape to plant grounding grid (FAR-02, Field Auxiliary Room (FAR-02))",Field Auxiliary Room (FAR-02),FAR-02,2026-08-24,2026-08-31,IN_PROGRESS,3.3.3.08.29
ACT-ELE-0180,Electrical,Perform 5kV / 1kV Megger insulation resistance testing on power feeder cables - Compressor Local Control Panel Area (LCP-COMP-01),Compressor Local Control Panel Area,LCP-COMP-01,2026-10-15,2026-10-17,NOT_STARTED,3.3.3.09.30
ACT-ELE-0181,Electrical,"Secondary current injection testing of numerical protection relays (50/51/51N) (TRNCH-ELEC-01, Process Train A - Cable Trench Corridor)",Process Train A - Cable Trench Corridor,TRNCH-ELEC-01,2026-10-25,2026-10-28,NOT_STARTED,3.3.3.10.31
ACT-ELE-0182,Electrical,"Transformer diagnostic tests: turns ratio, DC winding resistance and insulation PF [Process Train B - Cable Trench Corridor]",Process Train B - Cable Trench Corridor,TRNCH-ELEC-02,2026-10-07,2026-10-11,NOT_STARTED,3.3.3.11.32
ACT-ELE-0183,Electrical,"High potential (Hi-Pot) DC / VLF withstand dielectric test on 33kV MV cable run (TRAY-RACK-01, Pipe Rack Cable Tray Level - Top Tier)",Pipe Rack Cable Tray Level - Top Tier,TRAY-RACK-01,2026-10-17,2026-10-21,NOT_STARTED,3.3.3.12.33
ACT-ELE-0184,Electrical,Mount and wire LED floodlight luminaires on 25m high-mast yard lighting tower - Tank Farm Lighting & Earthing Perimeter (ELEC-TF-01),Tank Farm Lighting & Earthing Perimeter,ELEC-TF-01,2026-10-27,2026-11-03,NOT_STARTED,3.3.3.13.34
ACT-ELE-0185,Electrical,"Install and calibrate field smart pressure and temperature transmitters with HART communicator (MCC-CW-01, Cooling Water MCC Sub-Station)",Cooling Water MCC Sub-Station,MCC-CW-01,2026-10-30,2026-11-02,NOT_STARTED,3.3.3.14.35
ACT-ELE-0186,Electrical,Cold loop check and signal verification between field instruments and DCS I/O cards at Emergency Diesel Generator Enclosure (Generator Room),Emergency Diesel Generator Enclosure,EDG-GEN-01,2026-11-09,2026-11-14,NOT_STARTED,3.3.3.15.36
ACT-ELE-0187,Electrical,Install heavy-duty perforated galvanized steel cable trays (450mm width) for VFD-PANEL-01 at Variable Frequency Drive (VFD) Enclosure,Variable Frequency Drive (VFD) Enclosure,VFD-PANEL-01,2026-08-06,2026-08-13,IN_PROGRESS,3.3.1.01.37
ACT-ELE-0188,Electrical,Erect vertical ladder cable trays and weld structural support brackets at Offsites Chemical Injection Shelter (Offsites),Offsites Chemical Injection Shelter,ELEC-SKID-01,2026-08-16,2026-08-23,IN_PROGRESS,3.3.1.02.38
ACT-ELE-0189,Electrical,Installing rigid galvanized steel (RGS) conduits with explosion-proof unions - Plant High-Mast Yard Lighting Towers (LIGHT-MAST-01),Plant High-Mast Yard Lighting Towers,LIGHT-MAST-01,2026-08-05,2026-08-13,IN_PROGRESS,3.3.1.03.39
ACT-ELE-0190,Electrical,Install explosion-proof Class 1 Div 2 junction boxes and Chico compound seal fittings at Instrument Earthing & Grounding Well Area (Perimeter Grounding),Instrument Earthing & Grounding Well Area,EARTH-PIT-01,2026-08-15,2026-08-18,IN_PROGRESS,3.3.1.04.40
ACT-ELE-0191,Electrical,Apply certified intumescent firestop mortar and pillows at cable wall penetrations for DCS-CAB-01 at DCS Marshalling & System Cabinet Room,DCS Marshalling & System Cabinet Room,DCS-CAB-01,2026-09-08,2026-09-11,NOT_STARTED,3.3.1.05.41
ACT-ELE-0192,Electrical,Mount heavy stainless steel cable cleats and strapping on vertical riser tray runs at ESD Emergency Shutdown System Panel (Control Building),ESD Emergency Shutdown System Panel,ESD-PNL-01,2026-08-28,2026-09-02,NOT_STARTED,3.3.1.06.42
ACT-ELE-0193,Electrical,Pull 3-core 240 sq mm 33kV copper armored power cable through trench and duct bank for FGS-PNL-01 at Fire & Gas Detection (F&G) System Panel,Fire & Gas Detection (F&G) System Panel,FGS-PNL-01,2026-08-31,2026-09-08,NOT_STARTED,3.3.2.01.43
ACT-ELE-0194,Electrical,Pull 4-core 95 sq mm 415V low voltage power feed to motor control panel at Cathodic Protection Transformer Rectifier Unit (Corrosion Station),Cathodic Protection Transformer Rectifier Unit,CP-TRU-01,2026-09-10,2026-09-17,NOT_STARTED,3.3.2.02.44
ACT-ELE-0195,Electrical,Hauling multi-pair shielded twisted-pair (STP) analog instrument cable to DCS - Main Substation 33kV Switchgear Room (SWG-33KV-01),Main Substation 33kV Switchgear Room,SWG-33KV-01,2026-09-20,2026-09-24,NOT_STARTED,3.3.2.03.45
ACT-ELE-0196,Electrical,"Terminating cable outer armor into double-compression weatherproof glands at SWG-11KV-01, Substation 01",Main Substation 11kV Switchgear Room,SWG-11KV-01,2026-09-09,2026-09-14,NOT_STARTED,3.3.2.04.46
ACT-ELE-0197,Electrical,"Crimp tinned copper lugs onto power conductors using hydraulic crimping tool (MCC-TRAIN-A, Motor Control Center Room - MCC-01)",Motor Control Center Room - MCC-01,MCC-TRAIN-A,2026-09-12,2026-09-16,NOT_STARTED,3.3.2.05.47
ACT-ELE-0198,Electrical,Terminate power leads and control wiring onto terminal strips inside MCC breaker cubicle - Motor Control Center Room - MCC-02 (MCC-TRAIN-B),Motor Control Center Room - MCC-02,MCC-TRAIN-B,2026-09-22,2026-09-28,NOT_STARTED,3.3.2.06.48
ACT-ELE-0199,Electrical,"Install stress cone terminations and cold shrink kits on 33kV XLPE cables (XFMR-33-11KV-01, Outdoor Transformer Yard - TR-01 Bay)",Outdoor Transformer Yard - TR-01 Bay,XFMR-33-11KV-01,2026-09-25,2026-10-01,NOT_STARTED,3.3.2.07.49
ACT-ELE-0200,Electrical,Point-to-point ring-out continuity verification and wire ferrule alphanumeric check - Outdoor Transformer Yard - TR-02 Bay (XFMR-11-0.4KV-01),Outdoor Transformer Yard - TR-02 Bay,XFMR-11-0.4KV-01,2026-10-05,2026-10-07,NOT_STARTED,3.3.2.08.50
ACT-ELE-0201,Electrical,"Terminate emergency trip push button interconnecting loop cable to ESD panel (UPS-BAT-ROOM, Central Control Room - UPS & Battery Room)",Central Control Room - UPS & Battery Room,UPS-BAT-ROOM,2026-10-08,2026-10-10,NOT_STARTED,3.3.2.09.01
ACT-ELE-0202,Electrical,Pull DC battery backup supply cables from rack to UPS inverter cabinet - Field Auxiliary Room (FAR-01) (FAR-01),Field Auxiliary Room (FAR-01),FAR-01,2026-09-27,2026-10-01,NOT_STARTED,3.3.2.10.02
ACT-ELE-0203,Electrical,Positioning main 33/11kV power transformer on foundation and tightening hold-down bolts [Field Auxiliary Room (FAR-02)],Field Auxiliary Room (FAR-02),FAR-02,2026-09-02,2026-09-08,NOT_STARTED,3.3.3.01.03
ACT-ELE-0204,Electrical,Erect 11kV vacuum circuit breaker switchgear cubicles and bolt copper busbar joints - Compressor Local Control Panel Area (LCP-COMP-01),Compressor Local Control Panel Area,LCP-COMP-01,2026-09-12,2026-09-20,DELAYED,3.3.3.02.04
ACT-ELE-0205,Electrical,"Torque check and mark all internal phase busbar bolted connections with torque seal (TRNCH-ELEC-01, Process Train A - Cable Trench Corridor)",Process Train A - Cable Trench Corridor,TRNCH-ELEC-01,2026-09-22,2026-09-24,NOT_STARTED,3.3.3.03.05
ACT-ELE-0206,Electrical,"Install battery bank racks, mount 2V lead-acid cells, and torque cell interlinks - Process Train B - Cable Trench Corridor (TRNCH-ELEC-02)",Process Train B - Cable Trench Corridor,TRNCH-ELEC-02,2026-09-25,2026-09-29,NOT_STARTED,3.3.3.04.06
ACT-ELE-0207,Electrical,"Position and bolt Low Voltage Motor Control Center (MCC) panel suite on floor channels (TRAY-RACK-01, Pipe Rack Cable Tray Level - Top Tier)",Pipe Rack Cable Tray Level - Top Tier,TRAY-RACK-01,2026-09-21,2026-09-27,NOT_STARTED,3.3.3.05.07
ACT-ELE-0208,Electrical,"Installing variable frequency drive units and wiring internal control logic at ELEC-TF-01, Tank Farm Area",Tank Farm Lighting & Earthing Perimeter,ELEC-TF-01,2026-10-08,2026-10-14,NOT_STARTED,3.3.3.06.08
ACT-ELE-0209,Electrical,"Drive copper-bonded ground rods and measure individual soil earth resistance (MCC-CW-01, Cooling Water MCC Sub-Station)",Cooling Water MCC Sub-Station,MCC-CW-01,2026-08-23,2026-08-29,IN_PROGRESS,3.3.3.07.09
ACT-ELE-0210,Electrical,Thermite Cadweld exothermic welding of 50x6mm copper tape to perimeter ground loop - Product Dispatch Gantry Area (ELEC-GANTRY-01),Product Dispatch Gantry Area,ELEC-GANTRY-01,2026-08-12,2026-08-15,DELAYED,3.3.3.08.10
ACT-ELE-0211,Electrical,"Perform 5kV / 1kV Megger insulation resistance testing on power feeder cables (EDG-GEN-01, Emergency Diesel Generator Enclosure)",Emergency Diesel Generator Enclosure,EDG-GEN-01,2026-10-03,2026-10-05,NOT_STARTED,3.3.3.09.11
ACT-ELE-0212,Electrical,Secondary current injection testing of numerical protection relays (50/51/51N) - Variable Frequency Drive (VFD) Enclosure (VFD-PANEL-01),Variable Frequency Drive (VFD) Enclosure,VFD-PANEL-01,2026-10-13,2026-10-17,NOT_STARTED,3.3.3.10.12
ACT-ELE-0213,Electrical,"Transformer turns ratio (TTR), vector group, and winding resistance diagnostic testing (ELEC-SKID-01, Offsites Chemical Injection Shelter)",Offsites Chemical Injection Shelter,ELEC-SKID-01,2026-10-16,2026-10-21,NOT_STARTED,3.3.3.11.13
ACT-ELE-0214,Electrical,High potential (Hi-Pot) DC / VLF withstand dielectric test on 33kV MV cable run - Plant High-Mast Yard Lighting Towers (LIGHT-MAST-01),Plant High-Mast Yard Lighting Towers,LIGHT-MAST-01,2026-10-26,2026-10-31,NOT_STARTED,3.3.3.12.14
ACT-ELE-0215,Electrical,"Mount and wire LED floodlight luminaires on 25m high-mast yard lighting tower (EARTH-PIT-01, Instrument Earthing & Grounding Well Area)",Instrument Earthing & Grounding Well Area,EARTH-PIT-01,2026-11-05,2026-11-08,NOT_STARTED,3.3.3.13.15
ACT-ELE-0216,Electrical,Install and calibrate field smart pressure and temperature transmitters with HART communicator - DCS Marshalling & System Cabinet Room (DCS-CAB-01),DCS Marshalling & System Cabinet Room,DCS-CAB-01,2026-11-08,2026-11-12,NOT_STARTED,3.3.3.14.16
ACT-ELE-0217,Electrical,"End-to-end loop checking from field sensor terminals to central DCS operator screen at FGS-PNL-01, Control Building",Fire & Gas Detection (F&G) System Panel,FGS-PNL-01,2026-10-28,2026-11-03,NOT_STARTED,3.3.3.15.17
ACT-ELE-0218,Electrical,Install heavy-duty perforated galvanized steel cable trays (450mm width) at Cathodic Protection Transformer Rectifier Unit (Corrosion Station),Cathodic Protection Transformer Rectifier Unit,CP-TRU-01,2026-07-25,2026-08-02,COMPLETED,3.3.1.01.18
ACT-ELE-0219,Electrical,"Erect vertical ladder cable trays and weld structural support brackets (SWG-33KV-01, Main Substation 33kV Switchgear Room)",Main Substation 33kV Switchgear Room,SWG-33KV-01,2026-08-04,2026-08-12,IN_PROGRESS,3.3.1.02.19
ACT-ELE-0220,Electrical,"Bend, thread and mount rigid galvanized steel (RGS) conduit runs - Main Substation 11kV Switchgear Room (SWG-11KV-01)",Main Substation 11kV Switchgear Room,SWG-11KV-01,2026-08-14,2026-08-18,IN_PROGRESS,3.3.1.03.20
ACT-ELE-0221,Electrical,Bolting explosion-proof junction boxes and filling conduit seal-offs with resin [Motor Control Center Room - MCC-01],Motor Control Center Room - MCC-01,MCC-TRAIN-A,2026-08-24,2026-08-28,IN_PROGRESS,3.3.1.04.21
ACT-ELE-0222,Electrical,Apply certified intumescent firestop mortar and pillows at cable wall penetrations - Motor Control Center Room - MCC-02 (MCC-TRAIN-B),Motor Control Center Room - MCC-02,MCC-TRAIN-B,2026-09-17,2026-09-21,NOT_STARTED,3.3.1.05.22
ACT-ELE-0223,Electrical,"Mount heavy stainless steel cable cleats and strapping on vertical riser tray runs (XFMR-33-11KV-01, Outdoor Transformer Yard - TR-01 Bay)",Outdoor Transformer Yard - TR-01 Bay,XFMR-33-11KV-01,2026-09-06,2026-09-12,NOT_STARTED,3.3.1.06.23
ACT-ELE-0224,Electrical,Pulling 33kV 3-core 240 sq mm MV armored cable through concrete duct bank [Outdoor Transformer Yard - TR-02 Bay],Outdoor Transformer Yard - TR-02 Bay,XFMR-11-0.4KV-01,2026-08-19,2026-08-28,COMPLETED,3.3.2.01.24
ACT-ELE-0225,Electrical,"Pull 4-core 95 sq mm 415V low voltage power feed to motor control panel (UPS-BAT-ROOM, Central Control Room - UPS & Battery Room)",Central Control Room - UPS & Battery Room,UPS-BAT-ROOM,2026-08-29,2026-09-01,NOT_STARTED,3.3.2.02.25
ACT-ELE-0226,Electrical,Pull multi-pair overall screened signal instrumentation cable to DCS rack - Field Auxiliary Room (FAR-01) (FAR-01),Field Auxiliary Room (FAR-01),FAR-01,2026-09-08,2026-09-13,NOT_STARTED,3.3.2.03.26
ACT-ELE-0227,Electrical,"Cable dressing, stripping outer sheath and glanding using double-compression glands (FAR-02, Field Auxiliary Room (FAR-02))",Field Auxiliary Room (FAR-02),FAR-02,2026-09-18,2026-09-24,NOT_STARTED,3.3.2.04.27
ACT-ELE-0228,Electrical,Crimp tinned copper lugs onto power conductors using hydraulic crimping tool - Compressor Local Control Panel Area (LCP-COMP-01),Compressor Local Control Panel Area,LCP-COMP-01,2026-09-21,2026-09-26,NOT_STARTED,3.3.2.05.28
ACT-ELE-0229,Electrical,"Terminate power leads and control wiring onto terminal strips inside MCC breaker cubicle (TRNCH-ELEC-01, Process Train A - Cable Trench Corridor)",Process Train A - Cable Trench Corridor,TRNCH-ELEC-01,2026-10-01,2026-10-08,NOT_STARTED,3.3.2.06.29
ACT-ELE-0230,Electrical,Install stress cone terminations and cold shrink kits on 33kV XLPE cables - Process Train B - Cable Trench Corridor (TRNCH-ELEC-02),Process Train B - Cable Trench Corridor,TRNCH-ELEC-02,2026-10-04,2026-10-06,NOT_STARTED,3.3.2.07.30
ACT-ELE-0231,Electrical,Conducting loop continuity ring-out and cross-checking wire sleeve ferrule tags - Pipe Rack Cable Tray Level - Top Tier (TRAY-RACK-01),Pipe Rack Cable Tray Level - Top Tier,TRAY-RACK-01,2026-09-23,2026-09-26,NOT_STARTED,3.3.2.08.31
ACT-ELE-0232,Electrical,Terminate emergency trip push button interconnecting loop cable to ESD panel - Tank Farm Lighting & Earthing Perimeter (ELEC-TF-01),Tank Farm Lighting & Earthing Perimeter,ELEC-TF-01,2026-09-26,2026-09-29,NOT_STARTED,3.3.2.09.32
ACT-ELE-0233,Electrical,"Pull DC battery backup supply cables from rack to UPS inverter cabinet (MCC-CW-01, Cooling Water MCC Sub-Station)",Cooling Water MCC Sub-Station,MCC-CW-01,2026-09-15,2026-09-20,NOT_STARTED,3.3.2.10.33
ACT-ELE-0234,Electrical,Rigging and skidding 33/11kV mineral oil transformer onto foundation plinth - Product Dispatch Gantry Area (ELEC-GANTRY-01),Product Dispatch Gantry Area,ELEC-GANTRY-01,2026-09-11,2026-09-18,NOT_STARTED,3.3.3.01.34
ACT-ELE-0235,Electrical,"Erect 11kV vacuum circuit breaker switchgear cubicles and bolt copper busbar joints (EDG-GEN-01, Emergency Diesel Generator Enclosure)",Emergency Diesel Generator Enclosure,EDG-GEN-01,2026-09-21,2026-09-25,NOT_STARTED,3.3.3.02.35
ACT-ELE-0236,Electrical,Torque check and mark all internal phase busbar bolted connections with torque seal - Variable Frequency Drive (VFD) Enclosure (VFD-PANEL-01),Variable Frequency Drive (VFD) Enclosure,VFD-PANEL-01,2026-10-01,2026-10-04,NOT_STARTED,3.3.3.03.36
ACT-ELE-0237,Electrical,"Install battery bank racks, mount 2V lead-acid cells, and torque cell interlinks (ELEC-SKID-01, Offsites Chemical Injection Shelter)",Offsites Chemical Injection Shelter,ELEC-SKID-01,2026-10-04,2026-10-09,NOT_STARTED,3.3.3.04.37
ACT-ELE-0238,Electrical,"Setting multi-tier LV Motor Control Center lineup over cable cellar opening at LIGHT-MAST-01, Yard Lighting",Plant High-Mast Yard Lighting Towers,LIGHT-MAST-01,2026-09-09,2026-09-16,DELAYED,3.3.3.05.38
ACT-ELE-0239,Electrical,"Install variable speed drive (VFD) cabinets and wire internal bypass contactors (EARTH-PIT-01, Instrument Earthing & Grounding Well Area)",Instrument Earthing & Grounding Well Area,EARTH-PIT-01,2026-09-26,2026-10-03,NOT_STARTED,3.3.3.06.39
ACT-ELE-0240,Electrical,Drive copper-bonded ground rods and measure individual soil earth resistance - DCS Marshalling & System Cabinet Room (DCS-CAB-01),DCS Marshalling & System Cabinet Room,DCS-CAB-01,2026-08-11,2026-08-13,DELAYED,3.3.3.07.40
ACT-ELE-0241,Electrical,"Cadweld exothermic bond 50x6mm bare copper ground tape to plant grounding grid (ESD-PNL-01, ESD Emergency Shutdown System Panel)",ESD Emergency Shutdown System Panel,ESD-PNL-01,2026-08-21,2026-08-25,IN_PROGRESS,3.3.3.08.41
ACT-ELE-0242,Electrical,Perform 5kV / 1kV Megger insulation resistance testing on power feeder cables - Fire & Gas Detection (F&G) System Panel (FGS-PNL-01),Fire & Gas Detection (F&G) System Panel,FGS-PNL-01,2026-10-12,2026-10-15,NOT_STARTED,3.3.3.09.42
ACT-ELE-0243,Electrical,"Secondary current injection testing of numerical protection relays (50/51/51N) (CP-TRU-01, Cathodic Protection Transformer Rectifier Unit)",Cathodic Protection Transformer Rectifier Unit,CP-TRU-01,2026-10-22,2026-10-27,NOT_STARTED,3.3.3.10.43
ACT-ELE-0244,Electrical,"Transformer turns ratio (TTR), vector group, and winding resistance diagnostic testing for SWG-33KV-01 at Main Substation 33kV Switchgear Room",Main Substation 33kV Switchgear Room,SWG-33KV-01,2026-10-25,2026-10-31,NOT_STARTED,3.3.3.11.44
ACT-ELE-0245,Electrical,Very Low Frequency (VLF) Hi-Pot dielectric withstand test on 33kV cable cores [Main Substation 11kV Switchgear Room],Main Substation 11kV Switchgear Room,SWG-11KV-01,2026-10-14,2026-10-16,NOT_STARTED,3.3.3.12.45
ACT-ELE-0246,Electrical,Mount and wire LED floodlight luminaires on 25m high-mast yard lighting tower for MCC-TRAIN-A at Motor Control Center Room - MCC-01,Motor Control Center Room - MCC-01,MCC-TRAIN-A,2026-10-24,2026-10-28,NOT_STARTED,3.3.3.13.46
ACT-ELE-0247,Electrical,"Mounting pressure/temp transmitters on pipe stanchions and verifying HART ranges at MCC-TRAIN-B, Substation 02",Motor Control Center Room - MCC-02,MCC-TRAIN-B,2026-10-27,2026-11-01,NOT_STARTED,3.3.3.14.47
ACT-ELE-0248,Electrical,Cold loop check and signal verification between field instruments and DCS I/O cards - Outdoor Transformer Yard - TR-02 Bay (XFMR-11-0.4KV-01),Outdoor Transformer Yard - TR-02 Bay,XFMR-11-0.4KV-01,2026-11-06,2026-11-13,NOT_STARTED,3.3.3.15.48
ACT-ELE-0249,Electrical,"Install heavy-duty perforated galvanized steel cable trays (450mm width) (UPS-BAT-ROOM, Central Control Room - UPS & Battery Room)",Central Control Room - UPS & Battery Room,UPS-BAT-ROOM,2026-08-03,2026-08-12,IN_PROGRESS,3.3.1.01.49
ACT-ELE-0250,Electrical,Erect vertical ladder cable trays and weld structural support brackets - Field Auxiliary Room (FAR-01) (FAR-01),Field Auxiliary Room (FAR-01),FAR-01,2026-08-13,2026-08-17,IN_PROGRESS,3.3.1.02.50
